,hebrewFromSub,englishFromSub,englishTranslation,ratio
0,עדיין 91,- It's still 91,Still 91,76
1,-תספור אותם שוב,- Count them again,-Starly count them again,82
2,בסדר,Okay,OK,67
3,אחד שניים שלוש ארבע חמש 86 87 88  89 90 91,"""One two three four five""  86 87 88  89 90 91",One two three four five 86 87 88 89 90 91,100
4,חסר לנו ילד אחד,We got one boy missing,We are missing one child,70
5,אמרתי לכם מה יקרה אם אחד מכם יימלט,I told you what would happen if one of you escaped,I told you what would happen if one of you escaped,100
6,אתה ראשון,You first,You're first,86
7,גם אתה,You too,you too,100
8,ואתה!,And you Run,And you!,78
9,לכו לשם!,You! Get over there!,Go there!,62
10,רוץ,Run,A run,75
11,רוץ,Run,A run,75
12,הייתי במקלחת לא שמעתי את צלצול הפעמון,I was in the shower I didn't hear the bell ring,I was in the shower I didn't hear the bell ringing,97
13,הוא רטוב,He's wet,Is wet,71
14,-אני מצטער,- I'm sorry,-I'm sorry,100
15,-בוא איתי,- Come with me,-Come with me,100
16,זה נגמר,It's all over,It's over,82
17,אבא שלי שלח אותי לבית הספר שנראה מאוד כמו זה,My father sent me to a school that looked a lot like this one,My dad sent me to school that looked very like this,79
18,אקדמיה צבאית בפנסילבניה,A military academy in Pennsylvania,Military Academy in Pennsylvania,97
19,"אולי שמעת עליה ביה""ס ""ארמיטג""",Perhaps you've heard of it  the Armitage School,"You may have heard of her as ""Armitag"" school",65
20,כן אני חושב,Yeah I think so,Yes i think,77
21,אתה באמת חסר כל משמעת מה,You really have no sense of discipline do you,You really lack any discipline what,60
22,שמע אני מצטער בקשר למקלחת,Look I'm sorry about the shower thing I promise,Heard I am sorry about the shower,65
23,אוי חרא,Oh shit,Oh shit,100
24,ותאמין לי,And believe you me,And believe me,88
25,למדתי,I learned,I learned,100
26,המרתף שהילד דיבר עליו לא מופיע בתוכניות,This basement the kid is talking about it's not on the plans,The basement that the child spoke to not appears in plans,67
27,אבל הוא קיים הייתי בו היה בניין כאן מאחור היכן שהמטבח נמצא,It exists I've been in it There used to be a building right here behind where the kitchen is,But he existed I was a building here behind where the kitchen is in,70
28,זה המרתף של הבניין,- There's no building above it then,It's the basement of the building,79
29,אז אם בני הערובה יהיו במרתף והבניינים יתפוצצו יתכן שיישארו בחיים,So if the hostages were in the basement  and the buildings blew up they'd probably survive,So if the hostages are in the basement and the buildings exploded may remain alive,67
30,הבניין נבנה ב 1881,That building was built in 1881,The building was built in 1881,95
31,-מה עם חומרי הנפץ,What about the explosives,-What with the explosives,78
32,מעניין מה שהנער אומר על החלפת השבבים בשלט רחוק של המקלט,It's interesting what the kid says about switching the chips,Interesting what the boy says about replacing the chips with a remote control of the shelter,62
33,לא ארצה לקחת את האחריות להניח לילד לנסות את זה אבל זה עשוי להצליח,I wouldn't wanna take the responsibility for letting the kid try this  but it could work,I will not want to take the responsibility to let the child try it but it may succeed,71
34,זה נגמר,It's over,It's over,100
35,וושינגטון הסמיכה אותי לעשות עסקה,Washington has authorized me to make a deal,Washington Imidated me to make a deal,75
36,מה אנחנו נותנים להם,What are we giving them,What do we give them,79
37,יש לנו סיכוי להתקפה מוצלחת,We have a shot at a successful assault here,We have a chance of a successful attack,68
38,אנחנו יודעים את המיקום של כל טרוריסט,We know the location of every terrorist,We know the location of each terrorist,91
39,הנער יכול להרחיק את שאר התלמידים מקו האש איזה נער,The kid can get the other students out of the line of fire What kid,The boy can keep the rest of the students out of the fire line which teenager,68
40,שלושה בתי ספר,- Three schools,Three schools,100
41,-למה,- Why,-Why,100
42,-כי יש לו אומץ,- Because he's got guts,-because he has courage,65
43,הוא מנהיג,He's a leader,Is a leader,75
44,אפשר לראות שהוא חשב על העניין לעומק,You can see that he's thought this thing through,You can see that he thought of the matter in depth,63
45,אם ביליאומר שיוכל לעשות זאת עליי להאמין לו,Now if Billy says he can do it I gotta believe he can,If Billier can do so I have to believe him,65
46,אם הכל יתנהל כשורה נוכל להבטיח שלא יהיו אבידות בקרב בני הערובה,If everything goes perfect  could we guarantee no casualties among the hostages,If everything goes well we can ensure that there are no casualties among the hostages,71
47,לא כמובן שלא,No of course not,Not of course not,97
48,אני צריך לחזור לממונים עליי,I'll have to go back to my superiors,I have to go back to the superiors on me,84
49,-דרוש לנו זמן כדי לדון בזה,- We'll need time to discuss this,-We need time to discuss it,84
50,-אני מבין,"- ""I understand """,-I understand,100
51,ניצחנו,We won,We have won,71
52,הרגע קיבלו הודעה מאלברט טרוטה,We just got a message from Albert Trotta,Just received a message from Albert Trott,79
53,וטבעי שירצה שייצא משם,He naturally wants him out,And natural to want to go out,65
54,תמסור את זה לבני,Give this message to my son,Will give it to my son,61
55,הם מקבלים עוד מסר,They're receiving another message,They get another message,70
56,איך אתה מרגיש,How you feeling,How do you feel,80
57,בסדר,Okay,OK,67
58,בוא למשרד שלי מר טרוטה,Come to my office will you Mr Trotta,Come to my office Mr. trout,81
59,-הם רוצים לראות אותך,- They want to see you,-They want to see you,100
60,-למה,- Why,-Why,100
61,איני חושב שהם מתכוונים לפגוע בך אני אלך איתך,I don't think they mean you any harm I'll go with you,I don't think they mean to hurt you I'll go with you,90
62,בסדר,Okay,OK,67
63,אנחנו משחררים אותך,How you feeling,We are freeing you,73
64,-מה,- What,-what,100
65,-אתה חופשי ללכת,- You're free to go,-You are free to go,80
66,האיש הזה ייקח אותך לכניסה הראשית,These men will take you to the main entrance,This man will take you to the main entrance,94
67,מה שעליך לעשות זה ללכת בשביל הכניסה,All you have to do is walk down the driveway,What you have to do is go for the entrance,63
68,למה אני,Why me,Why am I,71
69,כי אנחנו מכבדים את אביך,Because we respect your father,Because we respect your father,100
70,אני לא הולך לשום מקום בלי החברים שלי,I'm not going anywhere without my friends,I'm not going anywhere without my friends,100
71,אתה הולך,Oh yes you are,are you going,67
72,אל תיאבקו בו,Don't fight him!,Don't fight him,100
73,פשוט תלך,Just go!,Just go,100
74,עזוב אותי,Let me go!,leave me alone,61
75,אני הולך,I'm going I'm going,I'm going to,65
76,עזוב אותי,Let me go!,leave me alone,61
77,עזוב אותי,Let me go!,leave me alone,61
78,חכה שם בבקשה,Please wait there,Wait there please,100
79,חשוב מאוד שתסביר להם שלא רצינו להרוג את הילד,It is very important that you explain to them  that we did not want to kill this boy,It is very important that you explain to them that we did not want to kill the child,92
80,בעצם שחררנו אותו,We were releasing him in fact,We actually released him,64
81,אך הוא תקף את אנשיי והם נאלצו לירות בו,But he suddenly attacked my men and they were forced to shoot him,But he attacked my people and they had to shoot him,72
82,ברצוני לראות את המנהל ואת התלמידים בבקשה,I would like to see the headmaster and the other students please,I would like to see the principal and the students please,78
83,בלתי אפשרי,Not possible,Impossible,73
84,חשוב מאוד שתגיד להם שלא התכוונו להרוג את הילד,It is very important that you tell them  we did not intend to kill this boy,It is very important that you tell them that we did not intend to kill the child,87
85,זו הייתה תאונה,It was an accident,It was an accident,100
86,זה לא היה קורה לולא באת לכאן מלכתחילה,It wouldn't have happened if you hadn't come here in the first place,It wouldn't have happened if you hadn't come here in the first place,100
87,זה לא היה קורה לולא הממשלה האמריקנית חטפה את אבא שלי,It wouldn't have happened if the US government hadn't kidnapped my father!,It wouldn't have happened if the US government was kidnapped my dad,87
88,אנחנו נעזוב ברגע שאבא שלי יוחזר אליי,Now we will leave as soon as my father is returned to me,We will leave as soon as my dad is returned to me,90
89,תגיד להם,You tell them that,tell them,67
90,תגיד להם שזו הייתה תאונה אבל בפעם הבאה לא תהיה כזאת,You tell them that this one was an accident but the next one won't be,Tell them it was an accident but the next time you won't be like that,86
91,הם ירדפו אותך עד הסוף אתה יודע את זה נכון,They'll eventually find you and then they will kill you,They will chase you to the end you know it right,62
92,בסופו של דבר הם ימצאו אותך ויהרגו אותך,They'll eventually find you and then they will kill you,Eventually they will find you and kill you,87
93,אתם האמריקנים תמיד מאיימים אבל אף פעם לא מקיימים,You Americans always say that  but you never actually do it,You are Americans always threatening but never hold,68
94,זה שקר,It's a lie,it's a lie,100
95,כל הסיפור על התאונה,this stuff about an accident,The whole story about the accident,65
96,-אני לא מאמין,- I don't believe it,-I do not believe,82
97,-זה מה שהם טוענים,- Well it's what they claim,-The what they claim,77
98,איך ילד מסתבך בתאונה שבגללה הוא נורה במקלע,How does a kid have an accident that gets him shot with a machine gun,How a child gets complicated in an accident that is shot in the machine gun,74
99,לא יודע,I don't know,Do not know,78
100,האנשים האלה מבוגרים שלא כמו הבן שלי,These people are grown-ups  not like my son,These people are older unlike my son,69
101,הגיע הזמן שיגלו שאין דבר כזה תאונה,It's time they found out there's no such thing as an accident,Time to discover that there is no such thing as an accident,73
102,צוותי ההתקפה אמורים לנוע אל המסוקים ולעמוד הכן,Our assault teams are to move out to the helicopters and stand by,The attack teams are supposed to move to the helicopters and stand up,73
103,נתקו את החשמל לקמפוס ושבשו הכל רדיו טלוויזיה מיקרוגל,Cut the power to the campus and jam everything  radio TV microwave,Disconnect the electricity to campus and have worn everything from a microwave TV radio,68
104,-אני רוצה האפלה מוחלטת,- I want an absolute and total blackout,-I want an absolute darkness,69
105,-מה קורה,- What's going on,-What's going on,100
106,התלמיד שלך בילי טפר הופיע אתמול לפתע בצד שלנו,Yesterday your boy Billy Tepper suddenly appeared on our side of the wire,Your student Billy Tepper appeared suddenly on our side,73
107,איך הוא עשה את זה,How'd he do that,How did he do that,94
108,יש תעלת ניקוז בקצה המזרחי של הקמפוס כאן,There's an old storm drain on the east edge of the campus right there,There is a drainage canal at the eastern end of the campus here,61
109,יש שם סורגים אבל הילדים תמיד מצליחים לעבור אותם,It's got bars on it but the boys always manage to get through,There are bars but the kids always manage to pass them,64
110,מה קרה,- What's happening,What happened,76
111,כמובן,Of course,of course,100
112,מה קורה,- What's going on,What's going on,100
113,אנריקה קאלי נרצח זה עתה בכלא,Enrique Cali was just murdered in prison,Enrique Kali has just been murdered in prison,75
114,אנחנו עושים כמיטב יכולתנו אבל עליי לומר לך מספר האבידות עלול להיות גבוה אלא אם תלמידך ייעשה מה שהא טוען שיוכל לעשות,"""We're doing eve""ryt""hing we can "" but I gotta tell you  the casualties could be high unless your boy does what he says he can do",We do our best but I must tell you the number of casualties may be high unless your student is done what he claims can do,69
115,-בילי תתעורר,- Billy wake up,-ABI will wake up,69
116,-אני ער,- I'm awake,-I'm awake,100
117,והם רוצים את עזרתנו,They're going to attack and they want our help,And they want our help,65
118,מטורפים מה הם חושבים שנוכל לעשות,They're crazy What do they think we can do,Crazy what they think we can do,85
119,זה היה הרעיון שלך,- This was your idea,That was your idea,89
120,הם יפסיקו לסמוך עלינו כשלא נענה,They'll stop depending on us when we don't answer them,They will stop trusting us when we do not answer,63
121,תביא לי את זה!,Give me that!,Gimme that!,82
122,אולי זו הייתה טעות להסכים לתוכנית שלך אבל כך עשינו כי ביקשת,Maybe it was a mistake to follow your plan  but we did because you wanted us to,Maybe it was a mistake to agree to your plan but we did because you asked for,83
123,אני מצטער,I'm sorry,I'm sorry,100
124,הכאבתי לחתכים בגב שלך,The cuts on your back,I have painful cuts in your back,64
125,תשכח מהחתכים שלי,Forget about the cuts,Forget my cuts,69
126,התכנית שלך טובה כמו שהייתה אתמול כשחשבנו שהיא נהדרת,Your plan is just as good now as it was yesterday when we thought it was great,Your program is as good as it was yesterday when we thought it was great,89
127,טעינו אתמול,- We were wrong yesterday,We were wrong yesterday,100
128,- לא תפסיק עם זה בילי,- Stop this Billy!,- Don't stop with this Billy,73
129,אנחנו לא חייבים להגיד למה,We don't have to tell you why,We don't have to say why,79
130,אתה יודע בעצמך,You know why,You know yourself,69
131,אתם יודעים שאתם מטומטמים נכון,You know why,You know you are dumb,61
132,לכן אנחנו חברים שלך בילי,That's why we hang with you Billy,That's why we are your friends Billy,72
133,טוב יש לנו המון עבודה ובמיוחד לך,All right we got a lot of work to do especially you,Well we have lots of work and especially for you,71
134,אתה שם,Are you there,Are you there,100
135,מה אתה מנסה לעשות,What are you trying to do,What are you trying to do,100
136,-עובדים על זה,- They're working on it,-working on it,76
137,יש לכם בדיוק שעה לתקן את החשמל,You have exactly one hour to fix the power,You have exactly an hour to repair the electricity,70
138,ואז אהרוג בן ערובה אחד בכל חמש עשרה דקות עד שהחשמל יחזור,Then I kill one hostage every 15 minutes until it's back on,Then I will kill one hostage every fifteen minutes until the electricity is back,73
139,כשהנער הבא ייצא מהשירותים שניכם תכנסו,The next guy comes out of the bathroom you two go all right,When the next boy will come out of the bathroom you both enter,66
140,אם תצאו מתעלת הניקוז ותעלו מימין הגבעה,When you come out of the storm drain stay to the right as you go up the hill,If you go out of the drainage and upload the hill to the right,72
141,יהיה הרבה יותר קל אם אבוא אתכם,It would be a lot easier if I went along with you,Would be much easier if I would come to you,63
142,מצטער אדוני,I'm sorry sir,Sorry sir,82
143,אנחנו נסתדר עם המפה,We'll be fine with the map,We will get along with the map,61
144,אם תהיה בעיה פשוט תסגור את המים,If there's any problem just turn off the water,If there is a problem just close the water,75
145,בוא,Come on,Come on,100
146,אתה בטוח שזה מגיע לחדר המנהל,You sure this goes to the headmaster's office,You're sure it comes to the manager's room,64
147,איך לדעתך פרצתי פנימה כדי להוציא את הרהיטים של המנהל,How do you think I broke in to get the headmaster's furniture out,How do you think I broke in to get the manager's furniture,83
148,איך לדעתך גנבתי את בחינת הסיום באלגברה,How do you think I got the algebra final,How do you think I stole the finish exam in Algebra,75
149,בחייך אפשר לחשוב שאנחנו עומדים לפרק פצצה או משהו,Geez Louise Yogurt you'd think we were going to defuse a bomb or something,In your life we would think we were going to dismantle a bomb or something,76
150,זו הייתה בדיחה יוגורט תתעורר,It was a joke Yogurt Lighten up,It was a yogurt joke to wake up,81
151,קדימה מהר זוזו מהדרך,Come on quick Out of the way,Forward quickly moved out of the way,75
152,-מה עכשיו,- All right now what,-What now,62
153,-אתה רואה את הקופסה,- You see that box,-You see the box,90
154,לא לא!,No no no!,no no!,77
155,אל תיגע בו בקופסה הכחולה זאת עם האור עליה,Don't touch that box The other box  the blue box with the light on it,Don't touch it in the blue box it with the light on it,74
156,למישהו מאנשיך יש הכשרה רפואית,Do any of your men have medical training,Someone from your mind has medical training,75
157,מה עכשיו,What now,What now,100
158,בסדר,Okay,OK,67
159,-אין שבב אדום,- There is no red chip,-No red chip,71
160,-חייב להיות,- There must be,-must be,70
161,יש שבב כחול בגודל של האדום אבל אין שבב אדום,There's a blue chip the same size as the red chip but there's no red chip,There is a red chip size of the red but no red chip,73
162,אז זה בטח זה,- There must be,So this must be,71
163,זה השבב או לא,- There is no red chip,This is the chip or not,74
164,אני לא יודע,I don't know,I do not know,88
165,אתה רואה כמה הוא חולה,You can see how sick he is,You see how sick he is,92
166,אתה חייב להזעיק אמבולנס,You must call an ambulance,You must call an ambulance,100
167,עדיף למות ולא לחכות כאן,Damn it I can't just wait here,It is better to die and not wait here,69
168,יש לו עבר של אסתמה,He's got a history of asthma,He has a past of asthma,67
169,-אני מרגיש קצת יותר טוב אדוני,- I'm feeling a little better sir,-I feel a little better sir,91
170,זה לא פועל,It's not gonna work,It's not working,74
171,בסדר ג'ק,Okay Jack,Ok Jack,88
172,תקשיב,Shh Listen,Listen,75
173,אתה שומע זרימה של מים,Do you hear water running,You hear a flow of water,69
174,כן,Yes,Yes,100
175,חשבתי שאנחנו בצרות,I thought we were in trouble,I thought we were in trouble,100
176,אתה אמור להיות כאן,Are you supposed to be here,You are supposed to be here,100
177,כן אני בסירים ומחבתות,Yeah I'm on pots and pans,Yes I'm in pots and pans,82
178,סירים ומחבתות מה זאת אומרת,Yeah I'm on pots and pans,Pots and pans what do you mean,69
179,סירים ומחבתות,- Pots and pans,Pots and pans,100
180,כשמענישים ילד בעבודה איומה גוזרים עליו סירים ומחבתות,When they wanna give a kid a terrible punishment they give him pots and pans,When punishing a child in a terrible work cut out pots and pans,62
181,אני חייב לשטוף את החרא הזה אחרי כל ארוחה,I have to wash this shit after every meal,I must wash this shit after each meal,77
182,-סירים ומחבתות,- Pots and pans,-Pots and pans,100
183,-סירים ומחבתות,- Pots and pans,-Pots and pans,100
184,קדימה כולם למטבח!,Come on! Let's go! Everybody in the kitchen!,Come on everyone for the kitchen!,74
185,כולם למטבח !,Everybody in the kitchen!,Everyone for the kitchen!,79
186,קום!,Get up!,get up!,100
187,יש בידיו בן ערובה!,He's got a hostage!,He has a hostage!,76
188,הוי אלוהים,Oh God,Hoi God,77
189,סליחה,I'm sorry,Sorry,71
190,מה יקרה אם הוא ימשוך החוטים,What'll happen if he pulls out the wires,What will happen if it will attract the wires,61
191,הפצצות יתפוצצו תירה בו,The bombs will go off Shoot him,The bombs will explode in it,68
192,אתה בסדר,Hold your fire,Are you okay,62
193,מצטער שהייתי נבזי אליך עכשיו כשהצלת את חיי וכל זה,I'm sorry I was such an asshole to you I mean now that you saved my life and everything,Sorry i was looming to you now that you have saved my life and all that,76
194,זה בסדר,It's okay,It's OK,88
195,-אף פעם לא לקחתי את זה אישית,- I never took it personally,-The I never took this personally,79
196,זאת אומרת שאני פטור מסירים ומחבתות,Does that mean I'm off pots and pans,I mean I'm exempted with pots and pans,73
197,לא חשבת שתצא מזה בקלות כזאת,Oh no You don't think you're gonna get off that easy do you,You didn't think you would get out of it so easily,70
198,ראיתם את בילי,Hey have you seen Billy,You have seen Billy,90
199,ראיתם את בילי,Hey have you seen Billy,You have seen Billy,90
200,-הנה אמבולנס,Here's an ambulance,-What is an ambulance,72
201,בילי טפר שם,Is Billy Tepper in there,Billy Tepper there,86
202,הוא לא שם,He's not in there,Is not there,76
203,אף אחד לא ראה את בילי,No one's seen Billy,No one saw Billy,80
204,אני מרגיש טוב אני מרגיש נפלא אני מרגיש נהדר,I feel good I feel great I feel wonderful,I feel good i feel wonderful i feel great,100
205,אני מרגיש טוב אני מרגיש נפלא אני מרגיש נהדר,I feel good I feel great I feel wonderful,I feel good i feel wonderful i feel great,100
206,אני מרגיש טוב אני מרגיש נפלא אני מרגיש נהדר,I feel good I feel great I feel wonderful,I feel good i feel wonderful i feel great,100
207,אני מרגיש טוב אני מרגיש נפלא אני מרגיש נהדר,I feel good I feel great I feel wonderful,I feel good i feel wonderful i feel great,100
208,בוקר טוב גיל,Good morning Gil,Good morning age,88
209,"אמרתי ""בוקר טוב גיל""","I said ""good morning Gil ""","I said ""good morning age""",91
210,אני חייב ללכת לעבודה נתראה,I gotta go to work See ya,I have to go to work.,67
211,אל תשאלי אותי היא אמא שלך!,Don't ask me she's your mother!,Don't ask me is your mom!,74
212,דוקטור אשתך בטלפון,Doctor it's your wife on the phone,Doctor of your wife on the phone,91
213,תודה קלייר,Thank you Claire,Thanks Claire,83
214,פיי את יושבת,Fay are we sitting down,Faye you are sitting,74
215,המוציא לאור שלי חושב שזה עומד לקרות,My publisher thinks it's gonna happen,My publisher thinks it is going to happen,85
216,הוא חושב שבוקר טוב אמריקה יבואו  לאגם וויניפיסאקי שבוע הבא לראיין אותי,He thinks good morning America is coming up to lake winnipesaukee next week to interview me,He thinks a good morning America Yavan Lake Winfsicks next week to interview me,79
217,לא!,No!,No!,100
218,האמת שהם באמת היו בבית של דר' רות פעם  חכי שניה מותק כן,I think they did visit Dr Ruth's house once but other than that-- Hold on a second honey - Yes,The truth that they were really in Dr. Ruth's house once a second baby yes,67
219,סלח לי דוקטור,- Excuse me doctor,Forgive me a doctor,63
220,תודה לך,Thank you Claire,Thank you,72
221,ככה תכננתי את זה,That's the way I planned it,That's how I planned it,76
222,אני עוזב את העיר  ויש לי מטופל אחד שהייתי רוצה להפנות אלייך,I'm leaving town and I have one patient I'd like to refer to you,I leave the city and have one patient I would like to refer to you,83
223,הוא לא פסיכוטי נכון לא לא,He's not psychotic is he,Is not psychotic right no,69
224,שמע קוראים לו בוב וויילי,No listen his name is uh Bob Wiley,Listen to him Bob Weili,67
225,הוא משלם בזמן הוא מגיע בזמן,He pays early He comes on time,He pays in time he arrives in time,62
226,הוא פשוט צריך מישהו מבריק ליאו,And he just needs someone brilliant Leo,He just needs someone brilliant leo,95
227,אני יודע שאתה לא אוהב חנופה  אבל אם יש מישהו שאני מכיר שיכול לזכות בפרס נובל זה אתה,You know I know that you don't like flattery but if there's anyone I know who could win the nobel prize it's you,I know you don't like flattery but if there is someone I know can win this Noble Award you are you,75
228,ובכן אני מתאר שאוכל לפנות לו שעה  מתישהו אחרי יום העבודה,Well  I suppose I could find an hour for him sometime after labor day,Well I describe that I can contact him sometime after work day,63
229,בסדר אני אקבע לו ראיון,Okay I'll work him in for an interview,Ok I will set him an interview,68
230,חופשי!,Free!,free!,100
231,קלייר אם בוב וויילי מתקשר קבעי לו מועד לראיון  בדיוק כשאחזור מהחופשה,Claire if a Bob Wiley calls schedule him for a short interview right after I get back from my vacation,Claire if Bob Weili calls him a time for an interview just as I return from vacation,73
232,הוא כבר התקשר דר' מרווין פעמיים,He's already called Dr Marvin twice,He has already called Dr. Marvin twice,92
233,אני מרגיש טוב אני מרגיש נהדר אני מרגיש נפלא,I feel good I feel great I feel wonderful,I feel good i feel great i feel wonderful,100
234,אני מרגיש טוב אני מרגיש נהדר  אני מרגיש נפלא אני מרגיש טוב!,I feel good I feel great I feel wonderful,I feel good i feel great i feel wonderful i feel good!,87
235,אפשר לעזור לך אדוני,Help you sir,Allow you to help you sir,65
236,כן דר' מרווין,Yes Dr Marvin,Yes Dr. Marvin,100
237,דר' ליאו מרווין,Dr Leo Marvin,Dr. Leo Marvin,100
238,מעלית שניה קומה 44,Second elevator 44th floor,Second floor elevator 44,96
239,תודה לך מעלית,Thank you Elevator,Thank you an elevator,92
240,בוב ויי  בוב וויילי,Bob wi-- Bob Wiley,Bob Wei Bob Weili,85
241,למה שלא תשב,Um why don't you sit down,Why don't you sit,81
242,זה יקח כמה דקות,It'll be a few minutes,It will take a few minutes,67
243,דר' מרווין בוב וויילי פה,Dr Marvin Bob Wiley,Dr. Marvin Bob Weili here,79
244,תודה שקיבלת אותי,Thank you Elevator,Thanks you got me,63
245,לקרוא לך דר' מרווין או ליאו,Should I call you Dr Marvin or Leo,Call you Dr. Marvin or Leo,85
246,קרא לי בוב,- Call me Bob,Called me bob,92
247,בוב,- Bob,Bob,100
248,זאת המשפחה שלך,- Is that your family - Yes,This is your family,86
249,כן רגע תן לי לנחש,Oh wait let me guess,Yes a moment let me guess,67
250,אני ממש טוב בזה,I'm very good at this,I'm really good at that,64
251,זוהי הארייט  וזהו רוני גרטשן  וריטה,Uh that's Harriet and then Ronnie Gretchen  And Rita,This is Harrite and this is Ronnie Gartchen and Rita,76
252,חכה עוד שנייה,Ah wait wait a second,Wait for another second,64
253,סיסיליה דורותי  וזה קנת  ו,Uh Cecilia Dorothy  And this is Kenneth and,Sisilia Dorothy and it is Keny and,66
254,במבי,Bambi,Bambi,100
255,זה הבן שלי זיגמונד ואשתי פיי  הבת שלי אנה וזאת אחותי לילי,This is my son Sigmund and my wife Fay and my daughter Anna and that's my sister Lily,This is my son Sigmund and my wife Faye my daughter Anna and is my sister Lily,91
256,לילי,Lily,Lily,100
257,הייתי קרוב,I was close,I was close to,88
258,יש לך משפחה מקסימה,- Is that your family - Yes,You have a lovely family,60
259,תודה,Thanyou,Thanks,62
260,הדרך הכי פשוטה לומר זאת היא  יש לי בעיות,The simplest way to put it,The simplest way to say that is I have problems,63
261,במקומות פומביים זה ממש בלתי אפשרי,Uh in public places it's almost impossible,In public places it is really impossible,76
262,יש לי בעיה חמורה בלזוז,I have a real big problem moving,I have a serious problem in the blues,67
263,דבר על,Talk about,Thing about,67
264,לזוז,Moving,move,60
265,כל עוד אני נמצא בדירה שלי אני בסדר,As long as I'm in my apartment I'm okay,As long as I am in my apartment I am fine,75
266,אבל כשאני רוצה לצאת אני נהייה  מוזר,But when I want to go out I get  Weird,But when I want to go out I will be weird,85
267,אז השאלה האמיתית היא מה המשבר שלך בוב,So the real question is what is the crisis Bob,So the real question is what your Bob crisis,87
268,מה אם הלב שלי יפסיק לפעום,What if my heart stops beating,What if my heart stops beating,100
269,מה אם אני אחפש שירותים  ולא אמצא  ו,What if I'm looking for a bathroom I can't find it  and,What if I will look for services and I will find and,62
270,השלפוחית שלי תתפוצץ,My bladder explodes,My bladder will explode,86
271,שמעת פעם על תסמונת טורט,Have you ever heard of tourette's syndrome Mm-hmm,You've ever heard of Tourette syndrome,80
272,למה בדיוק אתה עושה את זה,Why exactly are you doing this,Why exactly do you do that,79
273,אם אני יכול לזייף את זה זה סימן שאין לי את זה,If I fake it then I don't have it,If I can fake it it is a sign that I don't have it,75
274,אתה יודע זה כמו עם התקף לב,You know it's the same with the cardiac arrest,You know it's like with a heart attack,60
275,אתה נשוי,Are you married,Are you married,100
276,אני גרוש,I'm divorced,I am divorced,80
277,היית רוצה לדבר על זה,Would you like to talk about that,Would you like to talk about it,88
278,ישנם שני סוגים של אנשים בעולם,There are two types of people in this world,There are two types of people in the world,92
279,אלה שאוהבים את ניל דאימונד ואלה שלא,Those who like Neil diamond and those who don't,Those who love Neil Daimund and those who have not,82
280,אשתי לשעבר אוהבת אותו אני מבין,My ex-wife loves him,My ex -wife loves him I understand,75
281,אתה אומר שאולי  אולי אני לא עזבתי אותה בגלל שהיא אוהבת את ניל דאימונד  אבל אולי  אולי היא עזבה אותי,Now you're saying that maybe-- maybe I didn't leave her because she likes Neil diamond but maybe-- maybe she left me,You say maybe I couldn't leave her because she liked Neil Daimund but maybe she might have left me,72
282,כן,Yes,Yes,100
283,דר' מרווין  אתה יכול לעזור לי,Dr Marvin  you can help me,Dr. Marvin you can help me,100
284,לראשונה בחיי אני מרגיש שישנה תקווה,For the first time in my life I feel like there's hope,For the first time in my life I feel that there is hope,88
285,אני מרגיש שאני יכול להיות מישהו,I feel like I can be somebody,I feel I can be someone,81
286,בוב ישנה אימרה ישנה שאומרת  שהפסיכיאטר הכי טוב בעולם  הוא זה שבתוכך,Bob there's an old saying  That the best psychiatrist in the world  Is the one right inside of you,Bob has old saying that says the best psychiatrist in the world is the one in you,81
287,כן,Yes,Yes,100
288,אני יכול לעזור לך כן,I can help you yes,I can help you yes,100
289,תודה לך,Thank you,Thank you,100
290,צעדי תינוק,Baby steps,Baby steps,100
291,זה אומר להציב לעצמך יעדים קטנים והגיוניים  כל יום ביומו צעד אחד קטנטן כל פעם,It means setting small reasonable goals for yourself one day at a time one tiny step at a time,This means to set yourself small and logical destinations every day one tiny step at a time,67
292,צעדי תינוק,Baby steps,Baby steps,100
293,למשל כשתעזוב את המשרד הזה  על תחשוב על כל מה שתצטרך לעשות  בשביל לצאת מהבניין  רק חשוב על מה שאתה חייב לעשות על מנת לצאת מהחדר הזה,For instance um when you leave this office don't think about everything you have to do in order to get out of the building Just think of what you must do to get out of this room,"For example, when you leave this office you will think of everything you have to do to get out of the building is only important about what you must do to get out of this room",84
294,וכשתגיע למסדרון  תתמודד עם המסדרון וכך הלאה,And when you get to the hall deal with that hall and so forth,And when you reach the hallway you will face the hallway and so on,66
295,צעדי תינוק,Baby steps,Baby steps,100
296,צעדי תינוק,Baby steps,Baby steps,100
297,צעדי תינוק,Baby steps,Baby steps,100
298,בצעדי תינוק מעבר למשרד,Baby steps through the office,In baby steps beyond office,61
299,בצעדי תינוק מחוץ לדלת,Baby steps out the door,In baby strides outside the door,80
300,זה עבד!,It worked,it worked!,100
301,זה עובד!,It works,It works!,100
302,כל מה שאני צריך לעשות  זה לעשות צעד קטן אחד בכל פעם  ואז אני אוכל לעשות הכול,All I have to do is take one little step at a time and I can do anything Hmm,All I have to do is make one small step at a time and then I can do everything,73
303,בצעדי תינוק מסביב למשרד בצעדי תינוק מסביב למשרד,Baby step around the office Baby step around the office,In baby strides around the office in baby strides around the office,87
304,זה יתן לך הרבה על מה לחשוב בזמן שאני בחופשה,That should give you a lot to digest while I'm on vacation,It will give you a lot about what to think while I'm on vacation,72
305,בוודאי המזכירה שלי אמרה לך,Oh certainly my secretary told you,Certainly my secretary told you,95
306,החל מהיום אחר הצהריים אני לוקח את המשפחה שלי לחופשה עד ליום העבודה,As of this afternoon I'm taking my family on vacation until labor day,Starting in the afternoon I take my family for vacation until work day,73
307,זה חודש,That's a month,It's a month,69
308,מה אם אני אצטרך אותך,What if I need you,What if I need you,100
309,מה אם אני אצטרך לדבר,What if I need to talk,What if I have to talk,77
310,השותף שלי דר' הרמון ישמח לדבר איתך,Well my associate Dr harmon would be happy to talk,My partner Dr. Harmon will be happy to talk to you,73
311,ובוב אני אחזור,And Bob I'll be back,And Bob I will come back,77
312,"פשוט תקרא את ""צעדי תינוק""",Just read baby steps,"Just read ""baby steps""",100
313,בצעדי תינוק מחוץ למשרד,Baby steps out of the office,In baby strides outside the office,81
314,בצעדי תינוק למסדרון,Baby steps to the hall,In baby steps to the hallway,88
315,יפה מאוד בוב,Very good Bob,Very pretty bob,64
316,תמשיך כך,What if I need you,keep doing what you are doing,60
317,זהו זה ביי,That's it Bye,This is it bye,67
318,נתראה בעוד חודש,I'll see you in a month,See you in a month,88
319,בצעדי תינוק למעלית,Baby steps to the elevator,In baby steps to elevator,86
320,בצעדי תינוק למעלית,Baby steps to the elevator,In baby steps to elevator,86
321,אישיות מרובת פוביות  מאופיינת בחרדת נטישה חמורה  וצורך עצום בקשרים משפחתיים,Multi-phobic personality characterized by acute separation anxiety and extreme need for family connections,Multiple phobia personality is characterized by severe abandonment anxiety and a huge need for family connections,79
322,לחייב בתשלום הרגיל על הראיון ו-29 95 דולר על הספר,Bill the usual rate for the interview and $29 95 for the book,Charge for the regular paid on the interview and $ 29 on the book,68
323,זה המוציא לאור שלך,It's your publisher,This is your publisher,88
324,"""בוקר טוב אמריקה"" בוודאות יגיעו לאגם וויניפיסאקי!",He says good morning America is definitely coming to lake winnipesaukee!,"""Good morning America"" for sure they will come to Lake Winfissaki!",66
325,כן!,- Yes! - Oh!,Yes!,67
326,תודה לך,Thank you,Thank you,100
327,בצעדי תינוק אל המעלית,Baby steps to the elevator,In baby strides to the elevator,88
328,בצעדי תינוק לעבר המעלית,Baby steps to the elevator,In baby strides toward the elevator,82
329,בצעדי תינוק לתוך המעלית,Baby steps into the elevator,In baby steps into the elevator,95
330,אני בתוך המעלית,I'm in the elevator,I am in the elevator,87
331,אני מטופל של דר' מרווין,I'm a patient of Dr Marvin's,I am a patient of Dr. Marvin,87
332,אני מצטערת אבל דר' מרווין עזב,I'm sorry Mr Wiley but Dr Marvin's out It's Bob,I'm sorry but Dr. Marvin left,67
333,ולך קוראים בטי,And you are,And you read Betty,69
334,בטי היי,Betty hi,Betty Hi,100
335,בוב דר' מרווין נמצא מחוץ לעיר  ודר' הרמון מקבל את כל השיחות שלו,Bob Dr Marvin's out of town and Dr harmon's taking his calls,Bob Dr. Marvin is outside the city and Der Harmon receives all his calls,70
336,אני יודע את זה בטי,I know that Betty,I know this Betty,88
337,אני הייתי אמור להתקשר לדר' מרווין  אבל איבדתי את המספר טלפון שלו,I was supposed to call Dr Marvin but I've lost his phone number,I was supposed to call Dar Marvin but I lost his phone number,97
338,בוב אני לא יכולה לתת לך את המספר,Bob I can't give out that number,Bob I can't give you the number,83
339,אני יודע אבל את יכולה להתקשר אליו בקו השני  ולומר לו שאני בהמתנה בקו אחר,I know that Betty but you could call him on the other line and tell him that I'm on hold on the other line,I know but you can call him in the second line and tell him I'm in a different line,65
340,את יכולה בבקשה,Couldn't you please,can you please,79
341,תודה בטי בבקשה,Thanks Betty please,Thanks Betty please,100
342,בסדר אמא,Okay mom,Ok mama,67
343,תודה מתוקה כן,Thank you sweetheart,A sweet thanks yes,68
344,דר' מרווין,- Yes - Dr Marvin,Dr. Marvin,82
345,אני מצטערת להפריע לך אבל יש לי איזה בוב וויילי  על הקו שאומר שהוא צריך לדבר איתך,I'm sorry to disturb you but I have a Bob Wiley on the line who says you'll want to taito him,I am sorry to interfere with you but I have some Bob Weili on the line that says he needs to talk to you,70
346,בטי את צריכה לדעת יותר טוב,Betty you know better than that,Betty you need to know better,83
347,אני אמרתי לו את זה  אבל הוא אומר שהוא איבד את המספר שלך ושזה דחוף,I told him that doctor but he said he lost your number and that it was urgent,I told him that but he says he lost your number and that urgent,87
348,מדבר דר' מרווין,- Yes - Dr Marvin,Dr. Marvin speaks,76
349,מה הבעיה בוב,What's the problem Bob,What is the problem of Bob,83
350,דר' מרווין איך מזג האוויר שם,Dr Marvin how's the weather up there,Dr. Marvin how the weather there,93
351,מה,What,what,100
352,איך החבורה שלך,How's your brood,How is your group,79
353,בוב חשבתי שהבהרתי לך שאני בחופשה,Bob I thought I made it clear to you that I'm on vacation,Bob I thought I had clarified for you on vacation,68
354,אני יודע אבל אני במצב גרוע מהרגיל ממש גרוע,Well I know but I'm just worse than usual this time Really bad,I know but I'm in a bad situation really bad,60
355,בוב אם זה באמת מצב חירום אז לך לחדר המיון,Bob if this is really an emergency go to the emergency room,Bob if it really is an emergency then you go to the emergency room,91
356,ואם זה לא תתקשר לדר' הרמון,And if it isn't call Dr harmon,And if it doesn't call Der Harmon,83
357,אני בטוח שהוא יוכל לעזור,I'm sure he can help you,I'm sure he could help,78
358,אני ארגיש הרבה יותר טוב אם אני אדע איפה אתה נמצא,Well I'd just feel so much better if I knew where you were,I will feel much better if I will know where you are,67
359,בוב  אי אפשר פשוט לדבר,Well can't we just talk,Bob you can't just talk,70
360,"כן אפשר אחרי ""יום העבודה """,Yes we can In my office after labor day,Yes possible after “Labor Day”,69
361,אחרי שתחזור מאי האש,After you're back from fire island huh,After you get back from the fire from,72
362,להתראות בוב,Good-bye Bob,Goodbye Bob,70
363,"מה אתה רוצה לשמור את מיין (מדינה בארה""ב) רק לעצמך",What you want to keep Maine all to yourself,What would you like to keep Maine (US state) just yourself,71
364,תאכל את השעועית,- Eat these beans - No no,Eat the beans,76
365,הלו,Hello,Hello,100
366,דוקטור זאת שוב פעם בטי,Doctor it's Betty again,Doctor this again in Betty,90
367,יש לי שיחה דחופה מאחותך,I have an urgent call from your sister,I have an urgent call from your sister,100
368,אחותי,My sister,my sister,100
369,דר' מרווין בבקשה אל תכעס,Dr Marvin please don't be angry,Dr. Marvin please don't get angry,89
370,זה בוב,This is Bob,It's Bob,74
371,אני יודע שאני לא אמור להתקשר אליך לשם  יחסי רופא-מטופל מבוססים על אמון,I know that I shouldn't be calling you here-- Bob the doctor/patient relationship is based on trust,I know I am not supposed to call you for a patient-patient relationship based on trust,68
372,וכשאתה מתחזה לאחותי אני לא יכול לסמוך עלייך,When you call me and pretend to be my sister I can't trust you anymore,And when you impersonate my sister I can't trust you,70
373,לך לחדר מיון בבקשה אל תתקשר אלי לכאן הו לא,Go to the emergency room but please do not call me here again,Go to the emergency room please don't call me here oh no,85
374,מי זה,Who is it,Who is,80
375,בלש רוברטס ממחלק רצח,Detective Roberts from homicide,Roberts detective from a murder part,78
376,יש לי כמה שאלות בקשר לאיזה בוב וויילי,I have some questions about a Bob Wiley,I have some questions about which Bob Weili,85
377,מה,What,what,100
378,זה הבוב שהתקשר כל הזמן לדר' מרווין,That was the Bob who kept calling Dr Marvin,This is the bob who constantly called Darh Marvin,67
379,זה היה הבוב שהתקשר כל הזמן,That was that Bob who kept calling,It was the bob who was constantly calling,69
380,למרבה הצער בוב התאבד לפני כ-רבע שעה,Unfortunately Bob committed suicide about 15 minutes ago,Unfortunately Bob committed suicide about a quarter of an hour ago,82
381,זה נורא,- That's terrible - Oh,It is terrible,62
382,אבל הוא השאיר פתק,But he did leave a note however,But he left a note,65
383,והוא הזכיר את השם בטי,He mentioned the name Betty,And he mentioned the name Betty,93
384,היא בטי,- She's Betty - I'm Betty,She's in Betty,74
385,אני בטי אז את היא בטי,- She's Betty - I'm Betty,I'm Betty then she is Betty,79
386,בוב התקשר לכאן בנסיון להגיע לפסיכיאטר שלו,Uh Bob calledere trying to reach his psychiatrist,Bob called here at an attempt to reach his psychiatrist,75
387,ובכן היכן הוא,Oh well where is he,Well where is he,91
388,אני צריך לשאול גם אותו כמה שאלות,I'll have to ask him some questions too,I have to ask him as well as some questions,80
389,דר' מרווין נמצא בחופשה בניו המפשייר,Dr Marvin's on vacation in New Hampshire,Dr. Marvin is on vacation in New Hampshire,94
390,ניו המפשייר,New Hampshire,New Hampshire,100
391,אני יכולה להשיג לך אותו בטלפון,I can get him on the phone for you,I can get it on your phone,80
392,טוב,Good,are good,67
393,אבל אם מה שאני רוצה זה לכתוב לו מכתב  יש לך כתובת לדואר מסוג כלשהו,Uh but what if I wanted to write him a letter Would you have a mailing address of some kind up there Oh sure,But if what I want is to write him a letter you have an address for any kind of mail,73
394,תודה רבה לכם גבירותי,Thank you very much ladies,Thank you so much ladies,84
395,אני מטורף עליכם במיוחד עלייך,I'm crazy about you especially you Betty,I'm crazy about you especially on you,88
396,עדיף שזה לא יהיה מי שאני חושב!,Better not be who I think it is,It is better to not be who I think!,95
397,הלו!,Hello,Hello!,100
398,מה,What,what,100
399,תודה שהתקשרת בטי זה היה מהמוקד,Thank you for calling Betty,Thanks you called Betty it was from the focus,67
400,המטופל שהתקשר מקודם  הוא התאבד,That patient the one who called before Mm-hmm He committed suicide,The patient who has called before is committed suicide,83
401,נו טוב בואי לא ניתן לזה להרוס את החופשה שלנו,Oh well let's not let it spoil our vacation,Well let's not to ruin our vacation,74
402,צעדי תינוק אל האוטובוס,Baby steps toward the bus,Baby steps to the bus,91
403,צעדי תינוק אל האוטובוס,Baby steps toward the bus,Baby steps to the bus,91
404,צעדי תינוק  זה האוטובוס האחרון לוויניפיסאקי בוב,This is the last bus to winnipesaukee Bob,Baby steps is the latest bus to Vinpisaki Bob,67
405,אני יודע ווינג תודה לך,Yes I know wing thank you,I know Wang thank you,87
406,צעדי תינוק לעבר האוטובוס,Baby steps toward the bus,Baby steps toward the bus,100
407,צעדי תינוק לעבר האוטובוס,Baby steps toward the bus,Baby steps toward the bus,100
408,אתה חושב שתוכל לעשות את זה היום בוב,Do you think you can do it today Bob,You think you can do this bob today,85
409,"יש לוח זמנים ""תינוקי"" שאנחנו צריכים לעמוד בו",We have a baby schedule to keep,Have a “baby” schedule we should meet,85
410,צעדי תינוק לעלות על האוטובוס,Baby steps get on the bus,Baby steps get on the bus,100
411,צעדי תינוק במעבר,Baby steps toward the bus,Baby steps in transit,61
412,צעדי תינוק,Baby step,Baby steps,95
413,ולשבת במושב,and sit in the seat,And sit in the seat,100
414,היי אני בוב,Hello I'm Bob,Hey i'm bob,83
415,פשוט תכה אותי בפנים,Just hit me in the face,Just hit me in the face,100
416,יש לנו מספיק אוכל להאכיל את כל צוות הצילום,Honey we have enough to feed the entire network,We have enough food to feed all the photography team,65
417,מותק יש לנו מספיק כדי להאכיל את כל הרשת,Honey we have enough to feed the entire network,Having we have enough to feed the whole network,79
418,עוד חופשה שהיא לא ממש חופשה,Another vacation that's not a vacation,Another vacation she is not really a vacation,80
419,למה אני צריכה להתלבש יפה לתוכנית המטופשת הזאת,Why do I have to dress up for this stupid show,Why should i dress nicely to this stupid program,64
420,אני לא,I have not!,I do not,67
421,זה בטח יהיה ראיון קצר ממילא,It's probably gonna be a short interview anyway,This will probably be a short interview anyway,77
422,רק אני משפחתי והספר שלי,You know just me and the family and my book,Just i am my family and my book,73
423,אזעקת שווא,False alarm,false alarm,100
424,דר' מרווין!,Dr Marvin!,Dr. Marvin!,100
425,דר' ליאו מרווין!,Dr Leo Marvin!,Dr. Leo Marvin!,100
426,דר',Dr,Dr.,100
427,מרווין!,Marvin!,Marvin!,100
428,דר' ליאו מרווין!,Dr Leo Marvin!,Dr. Leo Marvin!,100
429,תודה שוב,- Thanks again Dr,Thanks again,89
430,דר',Dr,Dr.,100
431,ליאו  מרווין!,Dr Leo Marvin!,Leo Marvin!,87
432,מותק מישהו קורא לך,Honey is someone calling you Dr Marvin!,Honey someone calls you,72
433,בדיוק שם,Right over there,right there,81
434,דר' ליאו מרווין!,Dr Leo Marvin!,Dr. Leo Marvin!,100
435,אלוהים אדירים!,Oh my God,God mighty!,63
436,דוקטור!,Doctor!,Doctor!,100
437,ליאו!,Leo,Leo!,100
438,כנסי לאוטו,Get in the car,Cut to the car,64
439,דר' מרווין!,Dr Marvin!,Dr. Marvin!,100
440,אני ממש מעריך את זה,Oh ho ho! I really appreciate this,I really Appreciate it,73
441,דר' מרווין,Dr Marvin!,Dr. Marvin,100
442,מי זה,Who's that,Who is,62
443,אני לא יודעת,I don't know,I do not know,88
444,מה אתה עושה כאן,What are you doing here,what are you doing here,100
445,חשבתי שאתה מת,I thought you were dead Oh no,I thought you died,72
446,אני רימיתי קצת אבל אל תכעס,Well I fibbed a little bit but don't be mad,I have been a little pledged but don't be angry,64
447,בוב ההתנהגות שלך היא ממש לא במקום,Bob your behavior is completely inappropriate,Bob your behavior is really not instead,60
448,אתה מעוצבן,You're angry,You are annoying,71
449,לא אני לא נוהג להתעצבן,No no I don't get angry,No I don't get annoyed,80
450,אתה מרוגז,You're angry,You are annoyed,74
451,אני לא נוהג להתרגז,I don't get upset,I don't get upset,100
452,אז בוא נשוחח קצת,Well then let's have a little talk Bob,So let's talk a little,63
453,אני לא רואה מטופלים כשאני בחופשה!,I do not see patients on vacation,I don't see patients when I'm on vacation!,81
454,לעולם!,Ever,forever!,73
455,אני לא יכול,I can't,I can not,88
456,אני נעול כולי,I'm all locked up,I'm locked up,87
457,הצלחת להגיע לכאן,You got yourself here Barely!,You were able to get here,60
458,אנחנו לא יכולים לדבר רק קצת,But can't we just have a little talk,We can't talk just a little,86
459,אתה בוחן את הסבלנות שלי,Bob you are testing my patience Come on,You examine my patience,61
460,אני עושה צעדי תינוק,- Bob! - I'm baby stepping',I do baby steps,72
461,תקשיב לי,- Listen to me,listen to me,100
462,תבדוק את זה,- Check it out,check this out,69
463,אני צריך אני צריך!,I need! I need!,I need i need!,100
464,תקשיב בוב,Listen Bob,Listen to Bob,87
465,לך לתחנת האוטובוס קנה לעצמך כרטיס חזרה  ואז חכה לי בבית קפה הזה,Go to the bus station buy yourself a ticket home and then wait for me in that coffee shop,Go to the bus stop bought yourself a card and then wait for me at this cafe,68
466,אתה פשוט חייב להבטיח לי  שתקנה כרטיס ותחזור הביתה,Just you have to promise me that you will buy your ticket and go home,You just have to promise me to buy a ticket and come home,79
467,אני אתקשר אלייך ב 4: 00 אין סיכוי שזה יהיה בשעה 3:,All right I'll call you at 4:00,I will call you at 4:00 no chance it will be at 3:,62
468,בוב!,Bob!,Bob!,100
469,4: 00בסדר,4:00 4:00 okay,4: 00 ok,67
470,בדיוקב,Exactly 4:00,Exactly,74
471,זה יותר טוב,It's better,it's better,100
472,'תודה דוקטור מ,Okay thank you Dr m,'Thanks to Doctor M,65
473,00 צעדי תינוק לשעה 4:,Baby step to 4:00,00 baby steps for 4 o'clock:,64
474,00 צעדי תינוק לשעה 4:,Baby step to 4:00,00 baby steps for 4 o'clock:,64
475,00 צעדי תינוק לשעה 4: 00,Baby step to 4:00,00 baby steps for 4: 00,72
476,צעדי תינוק ל 4: 00,Baby step to 4:00,Baby steps to 4: 00,97
477,אני צריך קערה!,I need a bowl!,I need a bowl!,100
478,מה,- What,what,100
479,הוא כבר סגור בערך 8 שעות,- A bowl He's been locked in for about eight hours,He has been closed for about 8 hours,64
480,הוא עומד לצרוח הוא רותח מזעם,He's about to scream,He is about to scream is a rage,78
481,הזנחה פושעת מצידי,A little negligence on my part,Neglecting criminals on my part,66
482,היי לא לא לא!,Hey no no no!,Hi no no!,70
483,תודה לך,Thank you,Thank you,100
484,תודה רבה,Thank you,Thank you,100
485,תודה לכולם,Thank you,Thank you all,82
486,אני מאוד מעריך את זה,I really appreciate it,I really appreciate it,100
487,ודרך אגב אם אני מאבד את ההכרה  או שנהיה לי בלקאאוט או אם משהו מתפוצץ  תוכלו לומר לדר' מרווין כשהוא יתקשר  דוקטור ליאו מרווין,Also uh if I lose consciousness or black out or something explodes would you tell Dr Marvin when he calls-- - Dr Leo Marvin,"And by the way, if I lose consciousness or have a Blackout or if something explodes you can tell Dar Marvin when he calls Doctor Leo Marvin",82
488,את מכירה אותו,- Do you know him,you know him,89
489,כן הוא קנה את בית חלומותינו,Yeah he bought our dream house,Yes he bought the house of our dreams,84
490,ואז הוא הגיע עם תיק מלא בכסף  ולקח לנו אותו מתחת לאף,And he swooped down with his bag full of money and grabbed it out from under us,Then he arrived with a bag full of money and took it to us under the nose,64
491,תתרחק ממנו כמה שתוכל,Stay as far away from him as possible,Will stay away from him as much as you can,68
492,ובכן זה יהיה קל,Well that'll be easy,Well it will be easy,70
493,הוא לא מוכן לראות אותי,He won't see me,He is not ready to see me,60
494,בגלל זה אני מחכה כאן לשיחת טלפון,That's why I'm waiting for the phone call,That's why I'm waiting here for a phone call,87
495,הוא לא מוכן לראות אותך,He won't see you,He is not ready to see you,62
496,ובכן אנחנו נראה לך איפה הוא גר,Well we'll show you where he lives,Well we'll see where he lives,86
497,זיגי יש לי את כל הבית לשפץ לתלות את כל חפצי האומנות,Siggy I have the whole house to fix all the art to hang,Ziggy I have the whole house to renovate all art objects,65
498,אין לי שום מושג מה ללבוש לתוכנית טלוויזיה,I have no idea what I'm gonna wear on the TV show,I have no idea what to wear for a TV show,80
499,"אבל עצרתי הכול כדי ללמד אותך איך לצלול  כי זה חשוב בשבילי לראות אותך צולל  בדיוק כמו שזה חשוב בשבילי להופיע ב ""בוקר טוב אמריקה""",But I have stopped everything in order to teach you how to dive because it is as important for me to see you dive as it is for me to appear on good morning America,"But I stopped everything to teach you how to dive because it is important for me to see you dived just as it is important for me to appear in ""Good morning America""",90
500,בן אדם זה ממש מקסים,Oh man this is really precious,This person is really lovely,69
501,למה אתה תמיד לובש שחור,Why are you always wearing black,Why do you always wear black,83
502,מה יש לך עם האובססיה הזאת למוות,What is it with you and this death fixation,What do you have with this obsession with death,64
503,אולי אני פשוט מתאבל על הילדות האבודה שלי,Maybe I'm in mourning for my lost childhood,Maybe i just mourn my lost childhood,81
504,תסתובב,Come on turn around,Will turn around,63
505,בהונות בקצה,Toes at the edge,Toes at the edge,100
506,זכור מה שלמדנו שנה שעברה,That's it Remember what we learned last year,Remember what we learned last year,87
507,אחד שתיים שלוש אביב,Okay one two three spring,One two three spring,89
508,לכופף את הברכיים לכופף את המותניים  ידיים החוצה קשיחים כמו לוח עץ,Now bend at the knees bend at the waist hands out stiff as a board One two three spring,Bend your knees to bend the waist hands out as hard as a wooden board,65
509,אחד שתיים שלוש אביב אחד שתיים  שלוש  אביב,Okay one two three spring,One two three spring one two three spring,67
510,אביב  קיץ סתיו,Spring  summer fall,Spring Summer Fall,100
511,הגיע הזמן ללכת אבא,Time to go dad,It's time to go dad,85
512,אני לא מבין,I don't understand,I do not understand,92
513,למה אתה לא צולל,Why won't you dive,Why don't you dive,78
514,עם כל הזוועות שיש בעולם הזה  מה זה משנה בכלל,With all the horror that's going on in the world what difference does it make,With all the horrors in this world what does it matter at all,72
515,אני רק מתקשרת להזכיר לך  על מסיבת ההפתעה של ליאו,Hi Lily I'm just calling to remind you about Leo's surprise party,I just call to remind you of Leo's Surprise Party,82
516,ביום חמישי בערב בשעה 19:,Thursday night 7:00,Thursday evening at 19:,68
517,ובכן זה יהיה בדיוק אחרי הראיון  אז הוא אמור להיות רגוע  חכי דקה  נו טוב,Well it'll be after his interview so he should be rela-- uh-oh wait a minute,Well that would be just after the interview then he should be calm and wait a good minute,66
518,האדם האחרון שהם ראיינו בחופשה היתה דר' רות,The last person they interviewed on vacation was Dr Ruth Uh-huh,The last person they interviewed on vacation was Dr. Ruth,94
519,הנה הוא בא,Here he comes,Here's coming,62
520,חמישי בערב שעה 19:,Thursday night 7:00,Thursday evening 19:,68
521,הוא לא צלל,He didn't dive No,He did not dive,94
522,בוא חמוד הוא רק קצת מפחד,He's just a little afraid of it,Come cute is just a little afraid,75
523,כשאני הייתי צעיר חשבתי שצלילה זה כיף,When I was growing up I thought diving was fun,When I was young I thought diving is fun,77
524,ואני חשבתי שנולדת מבוגר אבא,I thought you were born grown-up daddy,And i thought you were born in a dad,73
525,כן הייתי רוצה את מספר הטלפון של בית קפה גוטמן  מה אתה עושה כאן,Yes I'd like the number to the guttmans' coffee-- what are you doing here - I'm sorry,Yes I would like the Gutman Cafe's phone number what you do here,71
526,אל תכעס,Don't be mad,do not be mad,88
527,בני הזוג גוטמן הביאו אותי,The guttmans brought me,The Gutman couple brought me,82
528,'תודה מר וגברת ג,Thank you Mr and Mrs g,'Thank you Mr. and Mrs C,95
529,שלום דר' מרווין,Hello Dr Marvin,Hello Dr. Marvin,100
530,הבית נראה טוב,The house looks good,House looks good,89
531,תישרף בגיהנום דר' מרווין!,Burn in hell Dr Marvin!,Burn in Hell Dr. Marvin!,100
532,בוב סיכמנו שאני אתקשר אלייך,Bob we agreed that I would call you,Bob we concluded that I would call you,77
533,אבא אני יכולה  אני מצטערת,Dad can I um-- oh sorry,Dad I can be sorry,77
534,ראיתי את התמונה שלך אני בוב,I saw your picture I'm Bob,I have seen your picture I'm Bob,83
535,היי בוב,Hi Bob,Hi Bob,100
536,נעים להכיר אותך,Nice to meet you Bob,Nice to meet you,89
537,היי אני בוב!,Hi I'm Bob!,Hey i'm bob!,86
538,אני פיי,I'm Fay,I am Fay,67
539,גברת מ'! את אפילו יפה יותר מאשר בתמונה שלך,Oh Mrs m you are even prettier than your picture,Ms. M.!You are even more beautiful than in your picture,69
540,וצעירה יותר,And younger,And a younger,92
541,תודה לך,Thank you,Thank you,100
542,פיי אנה תוכלו לסלוח לנו בבקשה,Fay Anna would you please excuse us,Fay Anna you can forgive us please,70
543,אני חושב שלי ולבוב יש על מה לדבר,I think Bob and I have something to talk about,I think mine and a Bob has something to talk about,92
544,באמת,Really,really,100
545,גם אתה חושב כך,You think so too,You too think so,100
546,בוב אני יכולה לקחת את הדג שלך,Bob could I take your fish Oh yes,Bob I can take your fish,77
547,ואל תתני לו לומר לך ההיפך,Don't let him tell you otherwise,And don't let him tell you the opposite,73
548,זה מקום נהדר,This is a great place,It's a great place,87
549,אין פלא שהזוג גוטמן רצו אותו,No wonder the guttmans wanted it Whoa!,No wonder the Gutman couple wanted him,77
550,אני מבין,I understand,I understand,100
551,הבעיות לא פשוט הולכות רק בגלל שאני הולך,Problems don't go away just because I do,The problems are not just going to just because I go,70
552,בוב הייתי רוצה שאתה  תביט סביבך,Bob I'd like you to  Take a long look around you,Bob i would like you will look around you,75
553,מה יש לכל מה שאתה רואה כאן במשותף,What does everything you see here have in common,What has everything you see here jointly,77
554,חופשה בוב,Vacation Bob,Bob vacation,100
555,אני לא יכול כרגע לתת לך את התשומת לב הרפואית  שאתה צריך כדי לפתור את הבעיות שלך ואתה יודע למה,Now I can't Bob at this time give you the kind of therapeutic attention you need to solve all your problems and you know why,I can't currently give you the medical attention you need to solve your problems and you know why,71
556,כי אתה בחופשה,- You're on vacation - Exactly,That you are on vacation,72
557,בדיוק! זה מה שאני כן יכול לעשות,What I can do is this,exactly!This is what I can do,84
558,רק אל תתן לי כדורים,Aww don't give me pills,Just don't give me pills,81
559,כבר יש לי,I already have pills,I already have,82
560,אלה לא כדורים,Uh-uh-uh this is not pills,These are not pills,62
561,"כתוב פה: ""קח חופשה  מהבעיות שלי""","It says ""take a vacation  From my problems ""","Write here: ""Take a vacation from my problems""",80
562,אני נותן לך אישור לקחת חופשה בוב,I'm giving you permission to take a vacation Bob,I give you permission to take a bob vacation,93
563,לא חופשה מהעבודה או מחיי היום יום שלך  אבל זאת חופשה  מהבעיות שלי,Not a vacation from your work and not a vacation from your daily life but a vacation,Not a vacation from your work or daily life but it is a vacation from my problems,76
564,עכשיו אני רוצה שתעלה על האוטובוס ותחזור לניו יורק,Now I want you to get on that bus and go back to New York,Now I want you to get on the bus and get back to New York,95
565,אבל בכל פעם שתתעורר לך בעיה  אני רוצה שתוציא את המרשם הזה ותבצע בדיוק את מה שכתוב בו  בהוראת רופא,But every single time a problem arises I want you to take that prescription out and follow it to the letter Doctor's orders,But every time you wake up a problem I want you to get this prescription and do exactly what is written in a doctor's instruction,60
566,אני אראה אותך בניו יורק במשרד שלי בעוד חודש זה נהדר,I'll see you in New York in my office in one month,I will see you in New York in my office in a month this is great,77
567,"בפעם הראשונה מאז ""אסלין"" (סוג של תרופה) אני מרגיש חופשי",For the first time since eselin I feel free,"For the first time since ""toylin"" (type of drug) I feel free",75
568,נתת לי מתנה נפלאה דוקטור,You've given me a great gift doctor,You have given me a wonderful doctrine gift,74
569,את מתנת החיים,The gift of life,The gift of life,100
570,אתה אדם נהדר,You're a great man,You are a great person,65
571,ידעתי שהגעתי הנה היתה הדבר הנכון לעשות,I knew coming up here was the right thing to do,I knew I got here was the right thing to do,82
572,זה מרגיש נכון בגלל שאתה כאן,It feels right because you're here,It feels right because you are here,90
573,וזה מרגיש נכון בגלל אתה עוזב,And it feels right because you're leaving,And it feels right because you leave,94
574,שתהיה לך חופשה נהדרת,Have a great vacation,Have a great vacation,100
575,גם לך בוב,You too Bob,You too Bob,100
576,חופשה מהבעיות שלי!,A vacation from my problems!,Vacation from my problems!,96
577,הנה אתה הולך,There you go,Here you go,96
578,בצעדי תינוק,Baby steps,In baby strides,72
579,הכול בסדר מותק,Yes everything is perfectly fine,Everything is fine sweetheart,66
580,כן הכול פשוט מצויין,Yes everything is perfectly fine,Yes everything is just great,70
581,כל כך התרגשתי ששכחתי לקחת אותך איתי,I got so excited I forgot to bring you with me,I was so excited that I forgot to take you with me,75
582,אה הדג!,Oh the fish!,Oh the fish!,100
583,תודה רבה,- Thank you very much,Thank you,64
584,של כולם,- Of everyone actually,everyone's,60
585,ביי בוב,- Bye Bob,Bye Bob,100
586,ביי ביי בוב,- Bye Bob,Bye Bob Bob,78
587,ביי ביי,Bye-bye,Bye Bye,100
588,כן זה זיגמונד וזה הוא בוב,Yes this is Sigmund and this is Bob,Yes it is Sigmund and it is Bob,76
589,זהו גיל הדג שלי,Oh this is Gil my fish Sigmund,This is my fish age,61
590,הוצאת אותו מהאגם,Did you get him out of the lake,You took it out of the lake,76
591,מגניב,Cool,Cool,100
592,אבא שלך הוא פסיכיאטר מדהים,Your father is the most incredible psychiatrist,Your father is an amazing psychiatrist,64
593,אני מקווה שאתה מעריך את זה,I certainly hope you appreciate him,I hope you appreciate it,71
594,שתהיה לכם חופשה נפלאה משפחה,Have a great vacation family,Have a wonderful family vacation,73
595,גם לי,Me too,For me to,67
596,להתראות בוב,Good-bye Bob,Goodbye Bob,70
597,ביי בוב,Good-bye Bob,Bye Bob,74
598,היה נעים להכיר אותך,- Bye Bob - Nice to meet you,It was nice to meet you,72
599,ובכן הוא שונה,Well he's different,Well it is different,82
600,אני חושב שאני באמת נראית צעירה יותר מאשר בתמונה,I think I do look younger than that picture,I think i really look younger than in the picture,85
601,אני אוהבת את הרובה,I told you I like the rifle,I love the rifle,65
602,אני חושבת שזה סמל של גבריות,I think it's a symbol of virility,I think it's a symbol of masculinity,70
603,עכשיו אני יכולה לאכול ארוחת בוקר,Now can I eat breakfast,Now I can eat breakfast,100
604,אני אמורה להפליג בסירה של ג'ורג' סטארק,I'm supposed to go sailing on George stark's boat,I'm supposed to sail in George Stark's boat,87
605,חכי חכי חכי,Wait wait wait,Wait wait,78
606,פיי אני צריך את דעתך,Fay I need your opinion,Fay I need your mind,70
607,הו פיי!,Oh Fay,Oh Fei!,67
608,את יודעת שאני לא יכול לחיות עם תשובה כזאת,You know I can't live with that kind of answer,You know I can't live with such an answer,78
609,אני צריך,I need-,I need,100
610,אני צריך משוב,- I need feedback,I need feedback,100
611,בוקר טוב דוקטור מרווין,Good morning Dr Marvin,Good morning Doctor Marvin,92
612,לא אלה לא בשבילך,No these aren't for you,Not these are not for you,92
613,הם בשביל פיי  זה על אתמול על זה שאירחת אותי ואת גיל,They're for Fay  for yesterday for your hospitality to Gil and me,They are for Faye this about yesterday that you hosted me and age,64
614,לא הספקתי לומר תודה,I didn't say thank you,I haven't been able to say thank you,66
615,חשבתי על מה שאמרת:,I thought about what you said,I thought about what you said:,100
616,לקחת חופשה מהבעיות שלי וזה מה שעשיתי,Take a vacation from my problems and I did,Take a vacation from my problems and that's what I did,88
617,לא אני לא,- No I'm not,No I do not,76
618,אתה לא,- You're not,You do not,70
619,לא אני לא,- No I'm not,No I do not,76
620,אני בחופשה,I'm on vacation,I'm on vacation,100
621,זאת הפעם הראשונה שלי באגם,This is my first time over the lake,This is my first time in lake,81
622,זאת הפעם הראשונה שלי בכל מקום אבל אני קצת לחוץ,This is my first time anywhere,This is my first time everywhere but I'm a little stressed,66
623,לא לא לא!,No no no no no!,no no no!,73
624,אני יודע שאנחנו לא יכולים לעבוד  אבל בוא ננסה את עניין החברות בינינו,So I know we can't work but let's get the friendship thing going See you later,I know we can't work but let's try our friendship between us,65
625,היי נער עיתונים זה היה על המרפסת שלך,Hey paper boy this was on your porch,Hey newspaper boy it was on your balcony,66
626,תודה,Thank you,Thanks,67
627,אני לא רוצה שאף אחד ממכם יכניס את בוב לבית,Now I don't want any of you letting Bob into this house,I don't want any of you to put Bob to home,68
628,למה,- Why,Why,100
629,למה,- Why,Why,100
630,אני שמח שכולנו מסכימים,Good I'm glad we're all in agreement,I am glad we all agree,66
631,חופשה מהבעיות שלי,Vacation from my problems,Vacation from my problems,100
632,אין פה אף אחד,There's nobody here,There's no one here,84
633,אין פה אף אחד,There's nobody here,There's no one here,84
634,אין פה אף אחד!,There's nobody here,There's no one here!,84
635,אין פה אף אחד!,There's nobody here,There's no one here!,84
636,היי בוב,- Hi Bob,Hi Bob,100
637,לאן אתה הולך,- Where ya going,Where are you going,79
638,אתה רוצה טרמפ,Well you want a ride,You want a ride,86
639,אז איך זה להיות הבת של אנלטיקן מחונן  שישן בחדר הסמוך כל פעם שאת צריכה אותו,So what's it like being the daughter of a brilliant analyst who's sleeping in the next bedroom at night when you need him,So what is it like to be the daughter of an old formative Analytics in the next room every time you need it,60
640,זה לא נהדר,No it's not great,It's not great,90
641,לא זה לא נהדר,No it's not great,No that is not great,81
642,גם את מפחדת שהשלפוחית שלך תתפוצץ,The same as you You're afraid your bladder will explode,Also scared that your bladder will explode,70
643,כמו מה,Like what,Like what,100
644,כמו מה,Like what,Like what,100
645,ובכן כמו לנתח כל דבר בלי להפסיק  כדי לדעת אם מה שאני מרגישה הוא נורמלי,Well like analyzing everything tdeath to see if what I'm feeling is normal,Well like analyzing anything without stopping to know if what I feel is normal,75
646,כן יש לי את זה,Yes I have that,Yes i have this,87
647,גם אתה קופא ונהיה כמו עץ כשאתה ליד  בחור נאה בלי לדעת אפילו אם הוא מחבב אותך,Do you freeze up and turn into wood when you're around a good-looking guy and you don't even know if he likes you or not,Well you freeze and be like a tree when you are near a handsome guy without even knowing if he likes you,62
648,ובכן לא בחור אבל כן אני קופא  אתה יודע אני מתנהג לאנשים כאילו הם היו טלפון,Well not a guy but yes I freeze-- you know what I do,Well not a guy but yes I freeze you know I behave people as if they were a phone,68
649,וזה עובד,- And does it work,And it works,79
650,אני בחופשה באגם וויניפיסאקי נכון,I'm on vacation at lake winnipesaukee aren't I,I am on vacation at Lake Winfsick correctly,67
651,אתה רוצה לבוא להפליג איתי  'על הסירה של הידיד שלי ג'ורג,Do you want to come sailing with me on my friend George's boat No no That's okay,You want to come to sail with me 'on the boat of my friend Georg,83
652,זה בסדר אתה לא חייב,You don't have to,It's okay you don't have to,77
653,לא אני אשמח לבוא,No I'd love to,No i would love to come,70
654,זה נשמע נהדר,It sounds great,It sounds great,100
655,אף פעם לא הייתי על סירה אבל אני לא חושב שאוכל להתמודד עם זה,I've never been on a boat and I don't think I could handle it,I have never been on a boat but I don't think I can handle it,82
656,זה משתק את השפתיים שלי רק לחשוב על זה,It just makes my lips numb to think about it,It paralyzes my lips just thinking about it,71
657,אבל אם הידיד שלך הוא מלח טוב והסירה מתאימה למים  כן אני אבוא להפלגה,But if your friend is a good sailor and the craft is seaworthy yes I will go sailing,But if your friend is a good salt and the boat is suitable for water yes I will come to the cruise,68
658,כן בואי נלך להפליג,Yeah let's go sailing,Yes let's go sail,84
659,אין לי תוכניות אחרות,I have no other plans,I don't have other plans,80
660,אני מפליג!,I'm sailing!,I'm sailing!,100
661,אני מפליג!,I'm sailing!,I'm sailing!,100
662,אני מפליג!,I'm sailing!,I'm sailing!,100
663,אני מפליג!,I'm sailing!,I'm sailing!,100
664,אני מפליג!,I'm sailing!,I'm sailing!,100
665,אני מפליג!,I'm sailing!,I'm sailing!,100
666,אני מפליג!,I'm sailing!,I'm sailing!,100
667,זאת התעללות בילדים,This is child abuse,This is child abuse,100
668,אם תפיל אותי אני אתבע אותך,If you drop me I'll prosecute,If you drop me i will sue you,69
669,אני לא אעזוב אותך לפני שתהייה מוכן,I'm not gonna let go until you're ready okay,I will not leave you before being ready,60
670,סמוך עלי,Trust me,trust me,100
671,תושיט את הידיים שלך כמו שהראיתי לך אני עוד לא מוכן,Put your hands out like I showed you,Will reach out your hands as I showed you i'm not ready yet,63
672,אתה שומע אותי,You hear me,do you hear me,88
673,אני עוד לא מוכן,I'm not ready,I'm not ready yet,87
674,אל תפיל אותי,Don't drop me,Don't pray me,62
675,אני עוד לא מוכן,I'm not ready,I'm not ready yet,87
676,דר' מרווין אני מפליג,Dr Marvin I'm sailing!,Dr. Marvin I am sailing,88
677,מה אתה אומר על זה דוקטור,- How about that doc - Oh Siggy,What do you say about this Doctor,63
678,רוצח!,Murderer!,murderer!,100
679,היטלר!,Hitler!,Hitler!,100
680,היי אבא!,Hi dad!,Hi Dad!,100
681,אני מפליג!,I sail!,I'm sailing!,71
682,אנה! אנה בואי לכאן בבקשה,Anna come here please Dad,Anna!Anna come here please,82
683,דר' מרווין נחש מה,Dr Marvin I'm sailing!,Dr. Marvin Snake,67
684,הפלגתי,I'm a sailor,I have sailed,64
685,אני רוצה לדבר ביחידות עם בתי,I sail I'd like to talk to my daughter alone,I would like to talk in units with my daughter,69
686,אבל זוהי לא פריצת דרך,But isn't this a breakthrough,But this is not a breakthrough,95
687,אני מתכוון זה שאני מלח,I mean that I'm a sailor,I mean that I am salt,84
688,אני מפליג,I sail!,I am sailing,67
689,אני הפלגתי עכשיו,I sail now,I have been sailing now,61
690,על סירה באגם רחוק רחוק מהדוקטור  לעבר הרוח עם השמיים וכל השאר,Out on a boat on the lake way far away from the dock into the wind with the sky and everything,On a boat in the lake far away from the Doctor toward the wind with the sky and the rest,82
691,חשבתי שאמרתי לך לשמור מרחק מבוב וויילי,I thought I told you to stay away from Bob Wiley,I thought I had told you to keep a distance from Bob Weili,74
692,אבא הייתי עם חברים,Daddy I was with my friends,Dad I was with friends,90
693,לאן אנחנו הולכים,Where are we going - Home,where are we going,88
694,הביתה מה עם הרכב,- Well what about the car,Home what about the vehicle,72
695,עבר הרבה זמן מאז שדיברתי עם הבת שלי,- Leave it It's been a long time since,It's been a long time since I talked to my daughter,67
696,אבא לא כאן,Oh daddy not here,Dad is not here,75
697,אנה אנה אנה אנה,Anna Anna Anna Anna,Anna Anna Anna Anna,100
698,אנה אני יודע שאת לא רוצה להקשיב לאביך אבל את תמיד מקשיבה לי,Anna I know you won't listen to your father but you always listen to me,Anna I know you don't want to listen to your father but you always listen to me,93
699,אז אני מבקש ממך לא להפגש עם בוב וויילי,So I'm asking you not to see Bob Wiley Daddy I am just--,So I ask you not to meet with Bob Weili,62
700,אבא אני רק  אני לא שומע אותך,I can't hear you,Dad i just i don't hear you,70
701,איפה את אנה,Where are you Anna,Where are you Anna,100
702,אני רק עושה כיף עם החברים שלי,I am just having fun with my friends,I just make fun with my friends,78
703,ועם בוב וויילי,- And Bob Wiley,And with Bob Weili,71
704,כן וגם עם בוב וויילי,- Yes and Bob Wiley,Yes and with Bob Weili,77
705,בוב וויילי הוא מטופל של אבא שלך,Bob Wiley is your father's patient,Bob Weili is your dad's patient,83
706,בוב וויילי הוא אדם מאוד רגיש,Bob Wiley is a very sensitive person,Bob Weili is a very sensitive person,94
707,גם אבא שלך רגיש,Your father's sensitive,Your dad is sensitive too,75
708,בוב יודע להקשיב לאנשים,Bob listens to people,Bob knows to listen to people,80
709,אבא שלך מקשיב לאנשים,Your father listens to people!,Your dad listens to people,87
710,חוץ מאשר כשהוא כאן באגם וויניפיסאקי,Except when he's up here in lake winnipesaukee,Except when he is here at Lake Winnifaceki,77
711,הוא כייפי!,He is fun! Ugh!,He's fun!,76
712,אני היא פיי מרווין אישתו של דר' מרווין  ואני מאוד שמחה להשתתף בתוכנית שלכם,I'm Fay Marvin Dr Marvin's wife  And I'm very happy to be on your program,I am Fay Marvin's wife's wife and I am very happy to participate in your program,74
713,ואלו הם ילדינו אנה וזיגי,And these are our children Anna and Siggy,And these are our children Anna and Ziggy,85
714,אני כישלון,- I'm a failure,I'm a failure,100
715,מה,- What,what,100
716,אני עומד להופיע מחר בטלוויזיה הממלכתית כמומחה למדעי ההתנהגות  בזמן שבשעה האחרונה  שני הילדים שלי אמרו לי שהם שונאים אותי,I'm going on national television tomorrow as an expert in human behavior and in the space of the last hour both of my children have told me that they hate me,I'm going to appear tomorrow on state television as a behavioral science expert while last hour my two children told me they hated me,70
717,אתה יודע שהם לא מתכוונים לזה,Come on you know they don't mean it,You know they don't mean that,78
718,אנה האשימה אותי בחוסר רגישות,Anna accused me of being insensitive,Anna accused me of insensitivity,85
719,לא,No,No,100
720,לא,No,No,100
721,מה שהיא באמת אמרה  זה שאני חסר רגישות שאני לא יודע להקשיב  ושאני לא כייפי  ובוב וויילי הוא כן,What she actually said was I was insensitive and I didn't listen and I wasn't any fun and that Bob Wiley was,What she really said is that I am insensitive that I don't know how to listen and that I'm not fun and Bob Weili is yes,65
722,לא אתה מפליג,- Do you sail,No you sail,91
723,לא,No,No,100
724,נסה צלילה,- Try diving,Try diving,100
725,בסדר גמור צלילה,- Try diving,Fine diving,67
726,אני מכיר מורה נהדר,I know a great teacher,I know a great teacher,100
727,אבא שלי הרגע הפיל אותי למים מבלי להזהיר אותי,I mean my dad he just dropped me in the water without warning me first,My dad just dropped me into the water without warning me,86
728,יש לך מזל שאתה רק בן 12,Well you're lucky you're only 12,You are lucky you are just 12 years old,62
729,בכל זאת זה היה מפחיד,It was still grim,Still it was scary,69
730,מה יש לו עם כל עניין הצלילה הזה,What is it with him and diving,What has it with all this dive matter,63
731,ובכן הוא בטח הוא בטח  הוא בטח רק רצה שתצליח בזה,Well he he prob--whoa He probably just wants you to beat it That's all,Well he's probably probably he just wanted you to succeed in it,73
732,זה הכול הוא פשוט רוצה שתצלול בגלל שאתה פוחד מצלילה,You know he probably just wants you to dive because you're afraid of diving,This is all he just wants you to dive because you are afraid of diving,76
733,פשוט נתתי לספינה לעשות את כל העבודה,I just let the boat do the work,I just let the ship do all the job,71
734,זה היה סוד ההצלחה שלי,That was my secret,It was the secret of my success,65
735,אבל עם צלילה מה העניין,What is it with him and diving,But with diving what is the matter,69
736,בזהירות בזהירות!,Thanks Careful Oh careful!,Carefully carefully!,68
737,בוא נלך לקצה,Let's go to the edge,Let's go to the edge,100
738,לך לקצה,- Go to the edge,Go to the edge,100
739,בהונות למעלה בהונות למעלה על הקצה,Okay then step up to the edge,Toes up toes up on the edge,68
740,בוא נגיד שזה הקצה,Let's go to the edge,Let's say it's the edge,70
741,צעד לעבר הקצה,- Go to the edge,Step toward the edge,71
742,לך לעבר הקצה,- Go to the edge,Go toward the edge,88
743,בסדר תפסתי אותך,Okay got you,Ok I caught you,67
744,עכשיו כופף את הברכיים שלך,Now bend your knees Bend your knees,Now bend your knees,70
745,כופף את הברכיים טוב מאוד,Now bend your knees Bend your knees,Bend your knees very well,63
746,כופף את הברכיים ותהיה קשיח כמו קרש,Bend your knees and be stiff as a board,Bend your knees and be as hard as a board,82
747,אני קשיח כמו קרש,I am stiff as a board Now lean forward,I'm hard as a board,60
748,תישען,Lean,Will lean,62
749,תישען,Lean,Will lean,62
750,חכה אני לא יכול לראות מה אתה עושה,Wait I can't see what you're doing,Wait I can't see what you do,90
751,למה שלא תהיה אתה מקדימה בזהירות חכה,Wait I can't see what you're doing,Why don't you be preceded with caution,64
752,תחזיק בחולצה שלי,Now hold my shirt,Hold my shirt,87
753,אני אראה לך מה אנחנו אמורים לעשות,I'll show you what we're supposed to do,I'll show you what we're supposed to do,100
754,בסדר,- Okay,OK,67
755,לכופף את הברכיים שלי,- And bend my knees,Bend my knees,87
756,כופף את הברכיים שלך,- And bend my knees,Bend your knees,75
757,להישען קדימה זרועות החוצה,- Bend your knees Lean forward,Lean forward arms out,65
758,מותק בוא הנה,Honey come here Look,Honey come here,86
759,בוא הנה,- Come here,Come here,100
760,תפסתי אותך,I got ya,I got you,82
761,אני לא רוצה לראות את זה,I don't want to have to see this No please - One,I don't want to see that,66
762,שתיים! אל תעשה את זה בבקשה!,Don't do it please!,two!Don't do it please!,90
763,שלוש!,Three,three!,100
764,כן,- Yes,Yes,100
765,כן!,- Yes,Yes!,100
766,כן!,- Yes,Yes!,100
767,תודה לך תודה רבה,Very nice Bob! Thank you!,Thank you thank you very much,62
768,אני אמשיך מכאן,I'll take it from here,I will continue from here,64
769,ראית אותי צולל אבא,Did you see me dive,You saw me diver dad,82
770,ראית אותי צולל,Did you see me dive,You saw me diver,74
771,תודה רבה,Thank you!,Thank you,100
772,מצויין,Excellent,Excellent,100
773,אני יכול לעשות את זה שוב,I can do it again,I can do this again,89
774,אני אמשיך מכאן,I'll take it from here,I will continue from here,64
775,ראית את זה,Did you see me dive,did you see it,79
776,אני אעשה זאת שוב,I can do it again,I will do this again,65
777,תודה רבה לך,Thank you very much,Thank you very much,100
778,זה היה מאוד נחמד,That was very nice,It was very nice,76
779,בוב! בוב!,- Bob!,Bob!Bob!,60
780,במה אתם בוהים,What are you staring at,What are you staring at,100
781,היתה לי את כל הזכות לקנות את הבית הזה!,I had every right to buy this house!,I had all the right to buy this house!,81
782,האם אני עומד למות,Am I gonna die,Am I going to die,77
783,בוב,- Bob!,Bob,100
784,אני עומד למות,Am I gonna die,I am going to die,77
785,לא!,No!,No!,100
786,תקשיבו כולם אני לא טועה לעיתים קרובות אבל כשאני טועה אני מודה בזה,Look everybody I'm not wrong often but when I am I admit it,Listen to everyone I'm not often wrong but when I am wrong I admit that,77
787,אני מתכוון לזה,I mean it,I mean it,100
788,הייתי רוצה שתקבלו את ההתנצלות שלי,I would like you all to accept my apology Well what about Bob,I would like you to get my apology,65
789,מה עם בוב מה בקשר לבוב,What about Bob,What about Bob what about Bob,65
790,אתה לא חושב שאתה צריך להתנצל בפני בוב,Don't you think you should apologize to Bob,You don't think you should apologize to Bob,100
791,אני לא אתנצל בפני בוב,I will not apologize to Bob,I will not take advantage of Bob,68
792,למה לא,Why not,Why not,100
793,בסדר אני אתנצל בפני בוב,I will not apologize to Bob,Ok I will take advantage of Bob,62
794,ועכשיו אני רוצה שהוא יילך,And now I'd like him to go,And now I want him to go,76
795,ליאו למה אתה כזה עויין לאיש המסכן הזה,Leo why are you so hostile to the poor man,Leo why are you such as hostile to this poor man,89
796,בגלל שהוא מטופל שלי,Because he's a patient,Because he is my patient,78
797,פיי את לא מבינה את זה,Fay don't you get it,Fay you don't understand that,61
798,אמא נוכל להזמין את בוב לארוחת ערב,Mom can we have Bob over for dinner - Dinner,Mom we can order Bob for dinner,79
799,אני לא רוצה את בוב לארוחת ערב פיי,I don't want Bob for dinner Fay,I don't want Bob to Fay,74
800,ליאו זה בשביל הילדים,Leo it's for the kids,Leo is for the kids,90
801,אני לא רוצה את בוב לארוחת ערב,I don't want Bob for dinner,I don't want bob for dinner,100
802,פיי אני רוצה להיות מרוכז בראיון שלי מחר,Fay I want to think about my interview tomorrow,Fay I want to be concentrated in my interview tomorrow,77
803,אני מצטערת ליאו,I'm sorry Leo,I am sorry for Leo,71
804,ליאו אתה רוצה את החזה,Leo do you want the breast,Leo you want your chest,65
805,הביסקוויטים נהדרים נכון בוב,Mmm great biscuits huh Bob Mmm yeah,The biscuits are great right Bob,66
806,כן ביסקוויטים נהדרים  תירס נהדר תפוחי אדמה נהדרים,Great biscuits great corn great potatoes,Yes great biscuits are great corn and great potatoes,87
807,אתה רוצה עוד סלט בוב,You want some more salad Bob,You want another bob salad,67
808,כן אני חושב שאני רוצה,Yeah I think I do,Yes i think i want,69
809,את יכולה להוציא משם את העגבניה בבקשה,Could you get that tomato off there please,You can get out of the tomato please,77
810,ליאו אני רואה מלח ופלפל,Leo I see salt and pepper,Leo I see salt and pepper,100
811,יש לכם תחליף למלח,Is there a salt substitute,You have a substitute for salt,68
812,ואל תקרא לי ליאו,And don't call me Leo,And don't call me Leo,100
813,אבל אמרת לי במשרד שאני יכול לקרוא לך ליאו,But you said in your office that I could call you Leo,But you told me in the office I could call you Leo,82
814,זה היה במשרד שלי,That was in my office,It was in my office,80
815,בבית שלי אני רוצה שתקרא לי דוקטור מרווין,In my home I'd like you to call me Dr Marvin,In my house I want you to call me a Doctor Marvin,77
816,הוא פשוט קצת בלחץ מהראיון שלו מחר,He's just a little nervous about his interview tomorrow,Is just a little under pressure from his interview tomorrow,74
817,אה כן שמעתי על הפתיחה החגיגית שלך,Oh yeah I heard about your upcoming debut,Oh i heard about your festive opening,74
818,מזל טוב ליא  דוקטור מרווין,Congratulations le--Dr,Congratulations Lia Dr. Marvin,80
819,הספר שלך עומד לעשות הרבה טוב  להרבה אנשים,Your book is gonna do a lot of good for a lot of people,Your book is going to do a lot of good to many people,76
820,זאת חמאה או מרגרינה,Is this butter or margarine Butter,It's butter or margarine,79
821,אבא אתה בסדר,- Dad are you okay - Dad! Honey,Dad you are ok,70
822,אל תיכנסו לפאניקה,Don't panic,Don't get in a panic,71
823,אני יודע מה לעשות,I know what to do,I know what to do,100
824,אל תדאג,Don't worry,Do not worry,87
825,בסדר,Okay,OK,67
826,אלוהים אדירים!,Oh my God!,God mighty!,63
827,הוא עדיין נחנק!,He's still choking!,He is still choked!,83
828,עכשיו,- Now,now,100
829,יש עוד דבר אחד שאני יכול לעשות,There's one other thing I can do,There is one more thing I can do,81
830,מותק אני אוהבת אותך!,Honey I love you! Breathe!,Honey I love you!,80
831,תקפוץ גבוה יותר,Jump higher - Oh!,Will jump higher,80
832,הוא עדיין כחול!,- He's still blue!,He's still blue!,100
833,אבא  בוב הצלת אותו!,Dad Bob you saved him!,Dad Bob saved him!,89
834,"""אנחנו שרים בגשם""",♪ We're singin' in the rain ♪,"""We sing in the rain""",88
835,"""פשוט שרים בגשם""",♪ Just singin' in the rain ♪,"""Just sing in the rain""",95
836,"""איזו הרגשה נפלאה""",♪ What a glorious feeling ♪,"""What a wonderful feeling""",60
837,"""אני שוב פעם שמח""",♪ I'm happy again ♪,"""I'm again happy""",100
838,"אני עובר דרך המטבח""",♪ I walk through the kitchen ♪,I pass through the kitchen ”,81
839,"""עם קערה מלאה בעוף""",♪ With a bowl full of chicken ♪,"""With a bowl full of chicken""",100
840,"""ואני שם את זה במקרר של פיי וליאו",♪ And I put it in Fay and Leo-- ♪,“And I put it in Faye and Lowo's refrigerator,73
841,"אני מתכוון של דוקטור מרווין""",♪ I mean Dr Marvin's refrigerator ♪,"I mean Doctor Marvin """,63
842,"""אני שר לי בגשם""",♪ I'm singin' in the rain ♪,"""I sing me in the rain""",93
843,"""שר לי בגשם""",♪ I'm singin' in the rain ♪,"""Sing me in the rain""",88
844,אני לא רוצה להיות הורס מסיבות אבל מחר יש יום מאוד חשוב  ואני חושב שהגיע הזמן שנלך לישון,I don't like being a party poop but tomorrow's very important and I think we better call it a night,I don't want to be ruined for parties but tomorrow there is a very important day and I think it's time for us to go to bed,65
845,"אני לא רוצה להיות חצוף אבל אולי הגיע הזמן שבוב"" ישיר""אתעצמוהביתה",I don't wanna be rude but maybe it's time for Bob to sing his way home,"I don't want to be a rude but maybe it's time for Bob ""direct"" to her own",75
846,מותק הוא לא יכול ללכת הביתה בגשם כזה,Honey he can't walk home in this,Honey he can't go home in such rain,69
847,אני אסיע אותו,I'll drive him,I will drive him,93
848,הרכב עדיין במרינה,Oh dad the car's still at the marina What,The vehicle is still in the marina,64
849,אתה אמרת שנשאיר אותו שם,You said to leave it,You said we'll leave him there,72
850,ומה אם הגשם יתחיל שוב,Well what if it starts up again,And what if the rain starts again,75
851,ליאו!,- Leo!,Leo!,100
852,ליאו מותק השעה כבר 1: 00 לפנות בוקר,Leo honey it's 1:00 in the morning,Leo honey has been 1: 00 in the morning,81
853,אנחנו לא יכולים להכריח את הבחור המסכן פשוט לשבת פה כל הלילה,We can't make that poor fella just sit here all night,We can't force the poor guy to just sit here all night,82
854,בוא פשוט ניתן לו לישון פה הלילה,Now let's just let him stay over Fay!,Let's just let him sleep here tonight,60
855,"פיי! ""בוקר טוב אמריקה"" יהיו פה בשעה 7:",Good morning America will be here at 7:00,"Fei!""Good morning America"" will be here at 7:",92
856,00 ואת לא רוצה שהם ימצאו כאן מטופל עם הפרעות חמורות יישן  על אחת מהספות שלי,You don't want them to find a severely disturbed patient sleeping on one of my couches when they get here,00 and you don't want them to find a patient here with serious disorders to sleep on one of my sofas,75
857,יש מיטה נוספת בחדר של זיגי,There's an extra bed in Siggy's room,There is another bed in Ziggy's room,61
858,עכשיו יש לך הזדמנות להראות להם איזה בן אדם הוא ליאו מרווין באמת,Well now here's you chance to show them what kind of a guy Leo Marvin really is,Now you have the opportunity to show them which person is Leo Marvin Really,65
859,בוב אנחנו נשמח אם תבלה כאן את הלילה,Bob we'd love for you to spend the night,Bob we would love if you spend the night here,78
860,יש לכם כרית מבד דקרון,Do you have a dacron pillow,You have a pillow from Dakron,89
861,אנה את יכולה להביא כרית וסדינים,Anna would you get a pillow and some sheets for Bob,Anna you can bring pillow and sheets,69
862,בסדר,Okay,OK,67
863,זאת,This one,this,67
864,מצאת מברשת שיניים,Did you find a toothbrush,Found a toothbrush,74
865,כן,Yes,Yes,100
866,פיי את יודעת איפה המברשת שיניים החדשה שלי,Fay do you know where my new toothbrush is,Fay you know where my new toothbrush,92
867,היא צריכה להיות בחדר האמבטיה,Should be in the bathroom,She should be in the bathroom,93
868,ליאו רק בגלל שאתה אמור להופיע מחר בטלוויזיה  זה לא נותן לך את הזכות להיות כל כך זעפני,Leo honey just because you're going on television tomorrow well it doesn't give you any right to be so snippy,Leo just because you're supposed to appear tomorrow on television it doesn't give you the right to be so tiny,78
869,זה הוא,It's him,This is him,63
870,מי זה הוא,Him who,Who is he,75
871,בוב,Bob,Bob,100
872,כן בוב!,Yes Bob!,Yes Bob!,100
873,על מי עוד אני יכול לדבר,Who else am I talking about Shh!,Who else can I talk about,82
874,הוא ישמע אותך,Quiet he'll hear you,He will hear you,78
875,את לא מבינה,Don't you understand this man is crazy,You do not understand,68
876,הוא זייף התאבדות,He faked suicide Eh,Is a suicide fake,78
877,וזאת לא זעקה לעזרה,Isn't that a cry for help,And this is not outraged for help,62
878,את לא מבינה הבן אדם משוגע,Don't you understand this man is crazy,You don't understand the crazy person,85
879,הוא ממש לא מזיק,He's perfectly harmless,Is really harmless,68
880,אולי הוא קצת נוירוטי אבל לא משוגע,Maybe a little neurotic but not crazy,Maybe he's a little neurotic but not crazy,94
881,את לא מבינה שכל מה שהוא עשה  מפר את יחסי הרופא ומטופל,Don't you realize that everything he's done violates the doctor-patient relationship,You don't understand that everything he did violate your doctor's relationship,74
882,ועכשיו הוא נמצא שם עם הבן שלנו!,And now he's in there with our son,And now he's there with our son!,95
883,בוב,Bob,Bob,100
884,אתה פוחד מהמוות כן,Are you afraid of death,You are afraid of death yes,92
885,גם אני,Me too,me too,100
886,אתה עומד למות,You're going to die,you're about to die,68
887,אני עומד למות,I'm going to die,I am going to die,85
888,זה עומד לקרות,It's going to happen,This is about to happen,70
889,אז מה זה משנה אם זה יהיה מחר או בעוד 80 שנה,What difference does it make if it's tomorrow or 80 years,So what does it matter if it will be tomorrow or in 80 years,80
890,או הרבה יותר מוקדם במקרה שלך,Much sooner in your case,Or much earlier in your case,77
891,אתה יודע כמה מהר הזמן חולף,Do you know how fast time goes,You know how fast time passes,75
892,זה כאילו רק אתמול הייתי בן 6,I was six like yesterday,It's like just yesterday I was 6 years old,67
893,גם אני,Me too,me too,100
894,אני עומד למות,I'm going to die,I am going to die,85
895,אתה עומד למות ממה עוד כבר אפשר לפחד,What else is there to be afraid of Well not diving anymore,You are about to die from what else can be afraid,60
896,אבל  תסמונת טורט,Huh But uh  Tourette's syndrome,But Tourette Syndrome,82
897,מה זה תסמונת טורט מה זה תסמונת טורט,What's tourette's syndrome,What is Tourette Syndrome What is Tourette Syndrome,68
898,"אני מאוד גאה בספר ""צעדי תינוק""",What's tourette's syndrome Oh I'm very proud of baby steps,"I am very proud of the book ""Baby Steps""",60
899,ומאוד מעודד מהצלחתו,Very encouraged by its success,And very encouraging from his success,72
900,ואני חושב שהאתגר הכי גדול בשבילי מלבד כתיבת הספר  מוח מלא חרא!,I think the greatest challenge to me aside from writing-- shit-for-brains! Butt-head!,And I think the biggest challenge for me except writing the book full of shit!,66
901,פני חוטם!,Snot-face!,Face a snout!,86
902,פתח את הדלת,Open this door,open the door,89
903,זיגמונד פתח את הדלת מיד,Sigmund! Sigmund open this door immediately,Sigmund opened the door immediately,86
904,אני מצטער אבא,I'm sorry dad,I'm sorry dad,100
905,מצטער,Sorry,Sorry,100
906,מצטער מצטער,Sorry,Sorry sorry,62
907,מה קורה כאן,What is going on around here,what's happening here,69
908,טורט אבא,Tourette's dad,Tourette Dad,92
909,טורט,Tourette's,Tourette,89
910,אני מצטער אבא  ליאו,I'm sorry dad--Leo--Dr,I'm sorry Dad Leo,92
911,דר' מרווין,Marvin,Dr. Marvin,80
912,אני לא רוצה לשמוע עוד ציוץ מהחדר הזה,I don't wanna hear another peep out of this room,I don't want to hear another tweet from this room,70
913,יש כאן אנשים שרוצים לישון!,People are trying to sleep around here!,There are people here who want to sleep!,68
914,מחר זה היום הכי חשוב בקריירה שלי!,Well tomorrow is the most important day of my career!,Tomorrow is the most important day in my career!,89
915,אני מצטער,I'm sorry,I'm sorry,100
916,אנחנו נפסיק,We'll stop,We will stop,64
917,פשוט נסחפנו קצת,We just got carried away,We just got a little drifting,60
918,זה לא יקרה שוב,It'll never happen again,it will not happen again,75
919,00 אני רוצה שתצא ב-6:,I want you out by 6:30,00 I want you to leave at 6:,69
920,יש לי ואליום אם אתה צריך,I have valium if you need it,I have Valium if you need,94
921,לא אני לא צריך ואליום,No I don't need any valium Halcyon,No i don't have to Valium,68
922,סקונל אני רוצה קצת שקט ומנוחה,I want some peace and quiet,Scoonl I want some quiet and rest,70
923,אני אהיה שקט,I'll be quiet I'll be peace,I'll be quiet,65
924,"קדימה אנחנו פשוט צריכים שאבא שלך יעבור את ""בוקר טוב אמריקה""",Now we've just gotta get your father through good morning America tomorrow,"Come on we just need your dad to pass ""good morning America""",65
925,בוב נתן לי דבר הרבה יותר טוב לפחד ממנו מאשר מהמוות,Bob gave me a great thing to be afraid of instead of death,Bob gave me a much better thing to be afraid of than death,72
926,זה מאוד נחמד בוב,That's very nice Bob,It's very nice Bob,79
927,'גברת מ,Mrs m,'Mrs M,100
928,את יכולה להשאיר את הדלת פתוחה רק חריץ,Could you leave the door open just a crack,You can leave the door open just a groove,80
929,00 הגיע הזמן לקום בוב,6:00 Bob time to wake up,00 It's time to get up on Bob,64
930,קום! בוב!,Bob! Get up!,get up!Bob!,100
931,בוב!,Bob!,Bob!,100
932,בוב!,Bob!,Bob!,100
933,בוב!,Bob!,Bob!,100
934,קום!,Bob! Get up!,get up!,75
935,קדימה השעה 6:,Come on Bob Come on Bob,Come on 6 o'clock:,65
936,אנה לכי עכשיו תביאי את האוטו,Anna go get the car right now,Anna go now bring the car,70
937,בוב,Bob!,Bob,100
938,בוב,Bob!,Bob,100
939,בוב,Bob,Bob,100
940,בוב!,Bob,Bob!,100
941,ביי ביי בוב,- Bye Bob,Bye Bob Bob,78
942,ביי בוב,- Bye Bob,Bye Bob,100
943,"""בוקר טוב אמריקה"" הגיעו",Good morning America's here,"""Good morning America"" arrived",73
944,וזה המפיק שלנו לני בארנס,And this is our producer lennie burns,And that is our producer Lenny Barnes,86
945,זה הבית שלנו,Um this is uh-- this is our home,This is our home,70
946,זה אפילו נחמד יותר מאשר בתמונות,This is even nicer than the pictures,It's even nicer than in pictures,76
947,תודה לך,- Thank you,Thank you,100
948,זאת המשפחה שלך,- Is this your family,This is your family,100
949,זוהי אישתי פיי,This is my wife Fay,This is my wife Fei,89
950,זוהי הבת שלי אנה,And this is my uh--my--my daughter Anna,This is my daughter Anna,79
951,והבן שלי,And my son uh--,And my son,87
952,זיגי!,Siggy,Ziggy!,80
953,זיגי,Siggy,Ziggy,80
954,היי אני מרי,- Hi - Hi,Hey i mi,62
955,שלום מרי,Hello Marie I'm Bob,Hello Mary,62
956,אני בוב זה היה בוב,Ah yes this was Bob,I Bob was Bob,62
957,הוא מטופל שלי,He's a patient,Is my patient,67
958,הוא גר בהמשך הכביש,He lives down the road,He lives down the road,100
959,דר' מרווין איזה רעיון נפלא,Dr Marvin what a great idea,Dr. Marvin what a wonderful idea,72
960,חכו דקה,Wait a minute Wait a minute,Wait a minute,65
961,אין בעיה דר' מרווין,No problem Dr Marvin,No problem Dr. Marvin,100
962,אתה בצד אחד ובוב בצד השני,You on one side and Bob on the other,You on one side and bob on the other side,94
963,אני לא חושב שזה רעיון טוב שיהיה איתי מטופל שלי,I don't think it's such a good idea to have a patient on with me - It is - It is,I don't think it's a good idea to have my patient with me,83
964,זה רעיון מעולה,- It's a great idea,It's a great idea,100
965,איזה דרך טובה יותר להראות כמה הספר שלך יעיל,What better way to show the effectiveness of your book than have a patient on with you,Which way is better to show how effective your book,70
966,אני חושב שזה אמור להיות צילום אח,I think it's a fireplace shot,I think it is supposed to be a fireplace photography,64
967,תודה רבה לך,Thank you so much,Thank you very much,78
968,עבדתי קשה מאוד להגיע למצב הזה,I worked very hard to get where I am Do you understand me,I worked very hard to get to this situation,60
969,דר' מרווין בוב אתם יכולים לבוא לכאן דקה,Dr Marvin Bob can we have you in here for a minute please I can't Dr Marvin doesn't want me,Dr. Marvin Bob you can come here a minute,60
970,בשלוש שתיים אחת  אנחנו עוברים עכשיו לכתבת איכות החיים שלנו מרי גריידי  באדם וויניפיסאקי ניו המפשייר,In three two one Marie grady in lake winnipesaukee New Hampshire,"At three two, we are now moving to our quality of life Mary Grady in Adam Winfissaki New Hampshire",62
971,מרי מה כל כך מיוחד באדם וויניפיסאקי,And Marie what is so special about lake winnipesaukee,Mary what is so special about Adam Winfisaki,80
972,"בין שאר הדברים יש את בית הקיט של דר' ליאו מרווין  סופר הסנסציה הטיפולית החדשה ""צעדי תינוק """,Well Joan among other things it's the summer home of Dr Leo Marvin author of the newest sensation in therapy baby steps,"Among the other things there is Dr. Leo Marvin's kitchen and the new treatment sensation ""Baby Steps""",76
973,"ונמצא עם דר' מרווין בוב וויילי אשר הוא מטופל  וללא ספק מעריץ גדול של שיטת הטיפול ""צעדי תינוק""",And with Dr Marvin is Bob Wiley who is a patient and obviously a big fan of baby steps therapy,"And found with Dr. Marvin Bob Weili who is treated and undoubtedly a large fan of the ""baby steps"" treatment method",61
974,בוקר טוב דר' מרווין בוב,Good morning Dr Marvin Bob,Good morning Dr. Marvin Bob,100
975,בוקר טוב,- Good morning - Good morning,Good Morning,65
976,ללא ספק להופיע בטלוויזיה הלאומית עם מטופל  זה מראה על מידת אמון אדירה בשיטות שלך,Now clearly to come on national television live with a patient shows a remarkable amount of confidence in your meth--ods,Undoubtedly appearing on national television with this patient shows a great deal of trust in your methods,63
977,אזעקת שווא,False alarm Sorry,false alarm,79
978,טוב,Good,are good,67
979,"ובכן דר' מרווין  איך בדיוק שיטת ""צעדי תינוק"" אמורה לעבוד על אדם כמו בוב",Now Dr Marvin exactly how does baby steps work on someone like Bob,"Well Dr. Marvin how exactly the ""baby steps"" method is supposed to work on a person like Bob",71
980,"ובכן אני מאוד גאה ""בצעדי תינוק""  ומעודד בצורה עצומה מההצלחה של השיטה",Well Joan I'm very proud of baby steps and enormously gratified by its success,"Well I'm very proud of ""baby steps"" and encouraged tremendously from the success of the method",65
981,ואני חושב שהאתגר הגדול ביותר פרט לכתיבת הספר  היה ליישם את הרעיונות הכתובים בו  כדי שיהיו נגישים לאזרח מן השורה כמו גם לעמיתי למקצוע,I think the greatest challenge aside from the writing is finding ways to make the ideas within it accessible to laymen as well as to my colleagues,And I think the biggest challenge except for the writing of the book was to implement the written ideas in order to be accessible to the ordinary citizen as well as my colleagues for profession,63
982,"בוב ספר לנו על התרשמותך מ ""צעדי תינוק """,Bob tell us your impressions of baby steps,"Bob told us about your impression of ""baby steps""",88
983,"לא יכולתי להיות שמח יותר מ ""צעדי תינוק """,I couldn't be happier about baby steps,"I couldn't be happy with ""baby steps""",79
984,הייתי אסון מהלך  ועכשיו בגלל האדם הזה  הבוקר אני בטלוויזיה מול מיליוני אנשים,I was a total disaster and now because of this man this morning I'm on TV in front of you know millions and millions of people,I was a disaster and now because this person this morning I on TV in front of millions of people,80
985,ואני לא חושב שדר' מרווין מבין בדיוק מה שהולך פה,I don't even think Dr Marvin knows what the heck's going on He can't believe what's going on,And I don't think 'Marvin understands exactly what's going on here,60
986,ואני מאוד מתרגש זה נשמע כמו תהליך מאוד מרתק,You know it sounds like a very intriguing process,And I am very excited that sounds like a very fascinating process,65
987,כמה זמן אתה מטופל של דר' מרווין,How long have you been a patient of Dr Marvin's,How long have you been treated by Dr. Marvin,80
988,שלושה או ארבעה ימים,Three or four days,Three or four days,100
989,שלושה או ארבעה ימים,Three or four days,Three or four days,100
990,זה עבד מהר כל כך רק עם בווב (גם ציצי),It only worked that quickly with boob Bob,It worked so quickly just with Web (also tits),66
991,"אתה יכול לקרוא לי ""בווב ""","- You can call me ""boob ""","You can call me ""in a bubb""",80
992,"אני לא רוצה לקרוא לך ""בווב "" אפילו אם זה קרה במקרה  בכל מקרה הספר לא אמור לעבוד מהר כל כך","Even if you do it as an accident-- no no I really don't want to call him ""boob "" The book isn't you know meant to work that quickly","I don't want to call you ""Web"" even if it happened by chance in any case the book should not work so quickly",63
993,אבל זה כן עבד כך,But it did work that way,But it did work like that,82
994,וזה לא רק הספר זה האדם,It's this man It's the compassion,And it's not just the book this man,68
995,זה האופי של הבן אדם שתופס אותך ושהפך אותי  הוא פשוט הכריח אותי בלילה שעבר לישון פה עם הפיג'מה שלו,It's the horse-sense of the guy that gets you and has turned me -- he actually had me stay here last night in his jammies,This is the character of a man who catches you and that has turned me up he just forced me last night to sleep here with his pajamas,66
996,ולהשתמש במברשת השיניים שלו בבית שלו,Using his toothbrush  in his house,And use his toothbrush in his house,88
997,וביליתי את היום בשחייה ובשייט עם המשפחה שלו  פיי אנה וזיגי,And I spent the day swimming and sailing with his family Fay and Anna and Siggy come here,And I spent the day in swimming and cruising with his family Fay Anna and Ziggy,79
998,הנה המשפחה,Here's the fam,Here's the family,90
999,המרווינים,The Marvins,The Marine,86
1000,פיי אנה וזיגי איתו הלכתי לצלול אתמול דר' מרווין ממש דחף אותי למים,This is Fay and Anna and Siggy whom I went diving with yesterday and Dr Marvin accidentally pushed me in,Fay Anna and Sagi with him I went to dive yesterday Dr. Marvin really pushed me into the water,67
1001,יש לך משפחה מאוד נחמדה,You have a very nice family,You have a very nice family,100
1002,תודה לך,- Thank you - Thank you,Thank you,64
1003,תודה לך,- Thank you - Thank you,Thank you,64
1004,ותודה שבאתם,Thank u for coming,And thank you for coming,86
1005,שוויתר על כל כך הרבה מזמנו  להפוך אותי לטוב יותר,Who has given up so much of their time and their vacation to make me better,That gave up so much of his time to make me better,75
1006,הייתי רוצה לשים את הגדולה של האדם הזה בפרספקטיבה הנכונה,What I'd really like to do is put the greatness of this man in perspective,I would like to put the great person of this person in the right perspective,68
1007,ישנם רק שלושה שמות,I think there's really only three names,There are only three names,71
1008,דר' אלברט שוויצר אמא תרזה מכלכותה  וליאו מרווין,Dr Albert schweitzer mother Teresa of Calcutta probably and Leo Marvin,Dr. Albert Switzer Mother Teresa and Leo Marvin,79
1009,"שם הספר הוא ""צעדי תינוק""",The book is baby steps,"The book's name is ""baby steps""",86
1010,והסופר הוא דר' ליאו מרווין,The author is Dr Leo Marvin,And the writer is Dr. Leo Marvin,76
1011,ואנחנו דיברנו עם בוב וויילי,And we've been talking with Bob Wiley,And we talked with Bob Weili,77
1012,מאוד מרשים בוב דר מרווין,Pretty impressive stuff Bob Dr Marvin,Very impressive Bob Der Marvin,81
1013,חזרה אלייך ג'ואן,Back to you Joan,Back to you Joan,100
1014,כל הכבוד בובי!,Way to go Bobby!,Well done Bobby!,60
1015,כל עוד זה מקובל על הדוקטור,As long as it's okay with my doctor,As long as it is acceptable to the Doctor,61
1016,מה,What,what,100
